temperatura,humedad,presion,viento,direccion_viento,visibilidad,precipitacion,descripcion,tipo_nubes,timestamp,runway_heading,viento_cruzado,viento_frente,rafagas,techo_nubes,turbulencia,estado_pista,altitud_aeropuerto,altitud_densidad,punto_rocio,riesgo_hielo,tormenta_electrica,cizalladura_viento,hora,mes,dia_año,es_noche,riesgo,source
18.2,60,1011,6.5,78,8377,0.6,nublado,dispersas,,135,5.5,3.5,9.1,2022,ninguna,seca,500,1004.0,5.8,False,False,False,4,2,54,True,BAJO,synthetic
22.6,66,1016,20.0,238,8990,1.6,nublado,dispersas,,45,4.5,-19.5,26.0,3504,leve,humeda,1000,2152.0,13.7,False,False,False,19,8,226,False,BAJO,synthetic
19.1,31,1011,16.8,3,9451,0.0,despejado,despejado,,270,16.8,-0.9,20.2,5655,leve,seca,500,1112.0,8.4,False,False,False,0,8,212,True,BAJO,synthetic
17.4,93,998,34.5,23,2669,23.5,tormenta,cubierto,,90,31.8,13.5,41.4,422,severa,mojada,500,908.0,16.3,False,True,False,20,1,4,False,ALTO,synthetic
15.6,78,1020,30.1,301,3300,12.3,granizo,cubierto,,90,15.5,-25.8,39.1,1539,severa,mojada,0,72.0,11.9,False,True,False,20,7,191,False,ALTO,synthetic
29.1,27,1020,8.9,77,8318,0.0,despejado,despejado,,180,8.7,-2.0,12.5,13859,leve,seca,1000,2932.0,21.5,False,False,False,7,2,36,False,BAJO,synthetic
18.0,58,1004,7.4,29,7221,0.9,nublado,nublado,,45,2.0,7.1,8.1,2163,ninguna,humeda,500,980.0,11.7,False,False,False,10,1,16,False,BAJO,synthetic
-6.9,78,1008,29.0,154,1863,12.1,nieve,cubierto,,270,26.1,-12.7,34.8,1002,moderada,contaminada,2500,472.0,-9.7,False,False,False,3,12,357,True,ALTO,synthetic
17.7,74,1014,37.6,166,1588,10.7,granizo,cubierto,,45,32.2,-19.4,41.4,1937,severa,contaminada,1000,1564.0,13.4,False,True,False,1,7,192,True,ALTO,synthetic
22.3,53,1010,23.0,59,8585,1.2,nublado,dispersas,,0,19.7,11.8,32.2,2794,ninguna,seca,2500,3976.0,15.5,False,False,False,11,6,155,False,BAJO,synthetic
16.79,74,1012,5.58,237,10000,0.43333333333333335,rain,cubierto,2026-02-05 21:00:00,130,5.3,-1.6,7.3,1000,ninguna,mojada,8361,10582.0,11.6,False,False,False,20,2,35,False,BAJO,real_forecast
19.9,45,1019,12.4,327,8183,0.0,despejado,despejado,,315,2.6,12.1,13.6,10992,ninguna,seca,500,1208.0,14.1,False,False,False,3,4,111,True,BAJO,synthetic
6.0,96,1016,9.8,146,2214,1.2,niebla,cubierto,,270,8.1,-5.5,14.7,398,ninguna,mojada,500,-460.0,4.8,True,False,False,8,12,361,False,MODERADO,synthetic
10.5,93,1001,25.3,88,1482,23.4,lluvia_fuerte,cubierto,,0,25.3,0.9,35.4,731,severa,mojada,0,-540.0,10.2,False,False,False,4,4,118,True,ALTO,synthetic
23.5,68,1009,7.8,31,6272,0.1,nublado,nublado,,135,7.6,-1.9,8.6,1630,ninguna,seca,2000,3500.0,14.5,False,False,False,3,12,344,True,BAJO,synthetic
18.5,53,1020,24.2,111,6886,0.4,nublado,dispersas,,180,22.6,8.7,33.9,2718,leve,humeda,2000,2900.0,4.5,False,False,False,9,6,173,False,MODERADO,synthetic
21.9,78,1012,14.2,20,5677,5.2,lluvia_ligera,nublado,,90,13.3,4.9,19.9,2403,leve,mojada,0,828.0,18.7,False,False,False,2,10,277,True,MODERADO,synthetic
12.8,99,998,32.5,52,2085,26.3,tormenta,cubierto,,90,20.0,25.6,48.8,978,severa,contaminada,500,356.0,12.6,False,True,False,21,12,336,True,ALTO,synthetic
20.8,50,1017,15.1,87,8434,0.0,despejado,despejado,,135,11.2,10.1,21.1,9058,leve,seca,1000,1936.0,15.4,False,False,False,2,1,19,True,BAJO,synthetic
25.1,55,1016,24.5,74,8827,1.4,nublado,nublado,,180,23.6,-6.8,31.9,3642,leve,seca,500,1832.0,13.7,False,False,False,11,3,63,False,MODERADO,synthetic
8.1,98,1013,1.6,341,1738,1.2,niebla,cubierto,,45,1.4,0.7,2.4,616,ninguna,humeda,2500,2272.0,6.7,True,False,False,4,12,363,True,MODERADO,synthetic
6.5,93,1005,10.1,173,1872,0.4,niebla,cubierto,,45,8.0,-6.2,14.1,160,ninguna,mojada,500,-400.0,5.2,True,False,False,13,9,260,False,MODERADO,synthetic
15.4,73,1016,13.1,208,7320,0.1,nublado,dispersas,,225,3.8,12.5,14.4,1539,leve,humeda,0,48.0,12.2,False,False,False,3,4,97,True,BAJO,synthetic
13.9,94,1000,1.1,227,988,1.6,niebla,cubierto,,90,0.8,-0.8,1.7,688,ninguna,mojada,0,-132.0,13.4,False,False,False,17,7,200,False,MODERADO,synthetic
12.5,58,1001,12.0,11,7295,1.9,nublado,nublado,,135,9.9,-6.7,14.4,3636,leve,seca,1000,940.0,2.2,False,False,False,4,2,52,True,BAJO,synthetic
17.2,77,1014,15.4,285,4120,6.2,lluvia_ligera,nublado,,90,4.0,-14.9,21.6,1522,moderada,humeda,500,884.0,12.7,False,False,False,20,7,192,False,MODERADO,synthetic
13.2,100,1002,2.4,186,2450,0.4,niebla,cubierto,,315,1.9,-1.5,3.1,796,ninguna,humeda,2500,2884.0,12.4,False,False,False,5,1,14,True,MODERADO,synthetic
23.8,37,1013,4.3,196,8222,0.0,despejado,despejado,,225,2.1,3.8,5.6,14235,ninguna,seca,500,1676.0,13.8,False,False,False,14,8,239,False,BAJO,synthetic
9.8,96,987,27.6,53,2243,24.7,lluvia_fuerte,cubierto,,135,27.3,3.8,38.6,1280,moderada,mojada,2000,1856.0,8.3,True,True,False,3,11,328,True,ALTO,synthetic
21.1,74,1009,6.6,202,7514,1.2,nublado,nublado,,270,6.1,2.5,9.9,3601,ninguna,humeda,500,1352.0,18.3,False,False,False,12,9,252,False,BAJO,synthetic
18.1,77,1008,11.7,13,6781,3.1,lluvia_ligera,nublado,,270,11.4,-2.6,14.0,1267,leve,mojada,0,372.0,14.9,False,False,False,22,10,289,True,MODERADO,synthetic
-8.0,84,1000,17.5,249,3887,12.0,nieve,cubierto,,270,6.3,16.3,21.0,1848,leve,nevada,2000,-280.0,-12.8,False,False,False,3,1,26,True,MODERADO,synthetic
27.4,72,1005,7.1,156,6312,0.7,nublado,nublado,,0,2.9,-6.5,9.2,1779,ninguna,seca,0,1488.0,23.4,False,False,False,21,6,169,True,BAJO,synthetic
22.1,73,1006,11.8,139,8617,0.6,nublado,nublado,,315,0.8,-11.8,17.7,3000,leve,humeda,1000,2092.0,20.0,False,False,False,11,4,95,False,BAJO,synthetic
17.43,45,1014,7.344,102,10000,0.0,clouds,nublado,2026-02-05 00:00:00,130,3.4,6.5,9.5,2000,ninguna,seca,8361,10659.0,6.4,False,False,False,20,2,35,False,BAJO,real_forecast
10.0,97,1003,0.4,104,1740,0.3,niebla,cubierto,,135,0.2,0.3,0.6,296,ninguna,humeda,0,-600.0,8.1,True,False,False,3,2,35,True,MODERADO,synthetic
10.1,94,1007,4.9,9,1088,1.9,niebla,cubierto,,0,0.8,4.8,6.9,761,ninguna,humeda,0,-588.0,8.8,False,False,False,1,6,166,True,MODERADO,synthetic
25.6,53,1018,23.2,36,6874,1.2,nublado,dispersas,,0,13.6,18.8,30.2,3215,leve,humeda,1000,2512.0,18.1,False,False,False,13,2,34,False,BAJO,synthetic
11.3,70,1012,26.4,294,4735,3.5,lluvia_ligera,nublado,,0,24.1,10.7,29.0,1622,leve,mojada,0,-444.0,4.9,False,False,False,12,8,235,False,MODERADO,synthetic
19.0,80,1003,20.5,39,5862,6.9,lluvia_ligera,nublado,,270,15.9,-12.9,26.7,1333,moderada,mojada,0,480.0,16.3,False,False,False,7,7,208,False,MODERADO,synthetic
14.1,92,1015,5.7,33,1359,0.8,niebla,cubierto,,0,3.1,4.8,8.6,358,ninguna,mojada,1000,1132.0,12.8,False,False,False,20,7,189,False,MODERADO,synthetic
11.9,96,997,42.9,303,3163,16.1,lluvia_fuerte,cubierto,,0,36.0,23.4,60.1,1366,moderada,contaminada,0,-372.0,10.4,False,True,False,10,5,148,False,ALTO,synthetic
12.0,98,1019,9.6,93,2387,0.9,niebla,cubierto,,90,0.5,9.6,12.5,452,ninguna,humeda,2000,2120.0,10.7,False,False,False,14,1,8,False,MODERADO,synthetic
15.9,93,1013,9.8,113,1124,1.3,niebla,cubierto,,270,3.8,-9.0,11.8,503,ninguna,humeda,2000,2588.0,14.2,False,False,False,17,11,308,False,MODERADO,synthetic
15.3,86,1002,29.4,174,5224,6.0,lluvia_ligera,nublado,,315,18.5,-22.8,38.2,1665,leve,mojada,1000,1276.0,10.7,False,False,False,0,4,98,True,MODERADO,synthetic
15.7,58,1003,13.9,135,7219,0.2,nublado,nublado,,135,0.0,13.9,20.9,2376,ninguna,seca,0,84.0,6.6,False,False,False,23,3,87,True,BAJO,synthetic
19.1,35,1014,18.503999999999998,120,10000,0.0,clouds,despejado,2026-02-04T20:29:10.612228,130,3.2,18.2,24.1,10000,ninguna,seca,8361,10860.0,6.1,False,False,False,20,2,35,False,BAJO,real_current
12.04,91,1019,4.572,132,10000,0.26,rain,cubierto,2026-02-06 03:00:00,130,0.2,4.6,5.9,1000,ninguna,mojada,8361,10012.0,10.2,False,False,False,20,2,35,False,BAJO,real_forecast
20.9,53,1013,15.8,132,7926,0.2,nublado,nublado,,270,10.6,-11.7,20.5,2488,leve,humeda,500,1328.0,7.2,False,False,False,16,3,75,False,BAJO,synthetic
30.2,48,1019,7.6,136,9965,0.0,despejado,despejado,,90,5.5,5.3,8.4,14344,leve,seca,1000,3064.0,19.5,False,False,False,21,9,261,True,BAJO,synthetic
14.0,78,1001,22.3,279,6497,6.7,lluvia_ligera,cubierto,,135,13.1,-18.0,24.5,1460,leve,humeda,500,500.0,10.5,False,False,False,21,4,116,True,MODERADO,synthetic
16.2,75,1019,6.0,292,7237,1.4,nublado,nublado,,180,5.6,-2.2,8.4,2384,leve,humeda,1000,1384.0,11.5,False,False,False,15,5,125,False,BAJO,synthetic
12.7,88,1005,51.2,23,2820,29.3,tormenta,cubierto,,0,20.0,47.1,61.4,730,moderada,contaminada,2500,2824.0,10.4,False,True,True,18,12,358,False,ALTO,synthetic
16.2,100,1003,2.5,160,1256,0.5,niebla,cubierto,,225,2.3,1.1,3.2,635,ninguna,humeda,2500,3244.0,15.4,False,False,False,15,5,131,False,MODERADO,synthetic
-6.5,83,1002,17.9,146,2868,10.1,nieve,cubierto,,180,10.0,14.8,25.1,538,moderada,nevada,1000,-1340.0,-10.6,False,False,False,15,12,361,False,ALTO,synthetic
-1.9,75,1011,31.1,90,2995,11.1,nieve,cubierto,,45,22.0,22.0,34.2,1808,leve,nevada,0,-2028.0,-4.7,False,False,False,1,8,212,True,ALTO,synthetic
8.5,100,1003,43.5,90,1496,15.1,tormenta,cubierto,,180,43.5,0.0,47.9,363,severa,contaminada,500,-160.0,7.5,True,True,True,6,2,45,False,ALTO,synthetic
13.13,93,1016,0.936,230,10000,0.43333333333333335,rain,cubierto,2026-02-07 00:00:00,130,0.9,-0.2,1.2,1000,ninguna,mojada,8361,10143.0,11.7,False,False,False,20,2,35,False,BAJO,real_forecast
22.6,64,1020,6.0,345,7238,0.2,nublado,dispersas,,180,1.6,-5.8,9.0,2331,leve,seca,2500,4012.0,12.0,False,False,False,13,2,55,False,BAJO,synthetic
24.8,62,1002,21.8,138,6179,1.3,nublado,nublado,,225,21.8,1.1,30.5,2567,ninguna,humeda,0,1176.0,14.7,False,False,False,2,11,310,True,MODERADO,synthetic
9.9,72,1002,25.5,19,3549,6.3,lluvia_ligera,nublado,,45,11.2,22.9,30.6,2081,moderada,humeda,2500,2488.0,7.0,True,False,False,0,10,273,True,MODERADO,synthetic
21.8,72,1018,14.5,220,8941,1.0,nublado,dispersas,,315,14.4,-1.3,21.8,3038,ninguna,humeda,2000,3296.0,17.9,False,False,False,2,9,258,True,BAJO,synthetic
14.1,57,1014,18.9,69,7886,0.0,nublado,dispersas,,225,7.7,-17.3,22.7,3792,ninguna,seca,1000,1132.0,3.5,False,False,False,14,8,212,False,BAJO,synthetic
12.2,100,1007,8.0,300,1753,0.2,niebla,cubierto,,0,6.9,4.0,9.6,655,ninguna,mojada,0,-336.0,10.8,False,False,False,18,11,328,False,MODERADO,synthetic
9.7,96,1015,0.0,194,1739,1.7,niebla,cubierto,,90,0.0,-0.0,0.0,456,ninguna,mojada,500,-16.0,8.6,True,False,False,22,8,213,True,MODERADO,synthetic
19.4,72,1008,39.5,303,3638,11.4,granizo,cubierto,,45,38.6,-8.2,47.4,1846,severa,contaminada,500,1148.0,15.7,False,True,True,23,9,256,True,ALTO,synthetic
32.2,40,1015,11.8,224,9307,0.0,despejado,despejado,,0,8.2,-8.5,14.2,14166,ninguna,seca,500,2684.0,20.0,False,False,False,3,11,320,True,BAJO,synthetic
14.8,53,1020,9.4,117,6289,1.1,nublado,nublado,,45,8.9,2.9,14.1,3886,leve,humeda,0,-24.0,7.4,False,False,False,20,6,171,False,BAJO,synthetic
11.8,71,1014,10.3,75,6674,7.5,lluvia_ligera,nublado,,90,2.7,9.9,12.4,1632,moderada,humeda,0,-384.0,8.6,False,False,False,1,9,250,True,BAJO,synthetic
13.1,62,1012,22.9,46,8378,1.5,nublado,dispersas,,270,15.9,-16.5,32.1,3984,leve,seca,2000,2252.0,8.1,False,False,False,6,6,177,False,BAJO,synthetic
18.3,69,1009,15.5,169,8649,0.7,nublado,nublado,,270,15.2,-3.0,17.1,3376,ninguna,seca,2500,3496.0,5.4,False,False,False,16,7,187,False,BAJO,synthetic
15.8,53,1011,19.2,225,7472,0.1,nublado,dispersas,,0,13.6,-13.6,28.8,2304,ninguna,seca,1000,1336.0,9.8,False,False,False,18,3,68,False,BAJO,synthetic
13.3,76,1019,11.0,220,5700,6.2,lluvia_ligera,nublado,,135,11.0,1.0,14.3,1034,leve,mojada,2500,2896.0,9.8,False,False,False,7,5,133,False,MODERADO,synthetic
19.5,45,1011,9.5,87,9798,0.0,despejado,despejado,,270,0.5,-9.5,14.2,12495,leve,seca,500,1160.0,12.3,False,False,False,22,5,131,True,BAJO,synthetic
18.3,38,1021,11.2,133,8340,0.0,despejado,despejado,,45,11.2,0.4,13.4,11129,leve,seca,500,1016.0,9.9,False,False,False,5,4,115,True,BAJO,synthetic
13.0,93,1006,4.5,28,1532,0.4,niebla,cubierto,,45,1.3,4.3,5.0,315,ninguna,humeda,500,380.0,12.7,False,False,False,13,3,67,False,MODERADO,synthetic
17.2,49,1016,1.3,182,9451,0.0,despejado,despejado,,225,0.9,1.0,1.8,10212,leve,seca,0,264.0,11.4,False,False,False,9,5,140,False,BAJO,synthetic
14.3,75,1011,23.2,318,5637,7.1,lluvia_ligera,nublado,,180,15.5,-17.2,30.2,1502,moderada,humeda,500,536.0,9.4,False,False,False,3,3,75,True,MODERADO,synthetic
22.2,54,1005,23.8,35,8258,1.4,nublado,dispersas,,315,23.4,4.1,28.6,2318,leve,humeda,500,1484.0,13.7,False,False,False,18,12,356,False,MODERADO,synthetic
12.6,98,1000,2.2,111,2247,1.4,niebla,cubierto,,180,2.1,0.8,2.6,517,ninguna,humeda,2500,2812.0,11.4,False,False,False,13,6,165,False,MODERADO,synthetic
30.1,52,1021,5.9,272,9944,0.0,despejado,despejado,,135,4.0,-4.3,6.5,6306,ninguna,seca,2500,4912.0,23.5,False,False,False,9,8,229,False,BAJO,synthetic
7.3,100,998,26.2,78,2020,18.3,lluvia_fuerte,cubierto,,315,22.0,-14.3,31.4,665,severa,contaminada,0,-924.0,6.9,True,False,True,11,4,107,False,ALTO,synthetic
13.5,86,1006,25.9,109,6673,3.8,lluvia_ligera,cubierto,,180,24.5,8.4,38.8,1904,moderada,humeda,2000,2300.0,9.2,False,False,False,11,10,275,False,MODERADO,synthetic
14.6,71,1009,21.1,221,8723,1.9,nublado,nublado,,270,15.9,13.8,27.4,1967,leve,seca,500,572.0,12.3,False,False,False,11,5,124,False,BAJO,synthetic
10.6,90,1003,19.0,242,3975,2.4,lluvia_ligera,cubierto,,225,5.6,18.2,26.6,2457,moderada,mojada,0,-528.0,5.8,False,False,False,9,7,204,False,MODERADO,synthetic
12.1,99,1000,4.9,288,833,1.2,niebla,cubierto,,90,1.5,-4.7,5.9,152,ninguna,mojada,1000,892.0,11.1,False,False,False,20,2,45,False,ALTO,synthetic
6.7,90,989,53.3,16,894,30.3,tormenta,cubierto,,45,25.8,46.6,79.9,569,severa,contaminada,500,-376.0,4.5,True,True,False,9,8,217,False,ALTO,synthetic
11.5,96,1018,12.0,117,943,0.1,niebla,cubierto,,315,3.7,-11.4,13.2,381,ninguna,humeda,2000,2060.0,10.4,False,False,False,21,10,286,True,MODERADO,synthetic
32.5,46,1028,6.5,233,9162,0.0,despejado,despejado,,270,3.9,5.2,8.5,8206,ninguna,seca,500,2720.0,18.2,False,False,False,11,3,85,False,BAJO,synthetic
26.5,55,1023,8.5,328,9312,0.0,despejado,despejado,,135,1.9,-8.3,12.8,14079,ninguna,seca,0,1380.0,19.5,False,False,False,6,8,227,False,BAJO,synthetic
24.5,37,1014,19.7,252,8215,0.0,despejado,despejado,,225,8.9,17.6,29.5,9243,leve,seca,0,1140.0,16.9,False,False,False,14,5,130,False,BAJO,synthetic
9.8,98,1013,9.8,163,2083,0.2,niebla,cubierto,,180,2.9,9.4,13.7,793,ninguna,mojada,2000,1856.0,9.4,True,False,False,0,6,176,True,MODERADO,synthetic
25.0,55,1002,10.4,229,8877,0.7,nublado,dispersas,,180,7.8,6.8,14.6,2402,leve,humeda,1000,2440.0,14.4,False,False,False,15,3,62,False,BAJO,synthetic
17.9,94,1015,6.1,148,1251,1.2,niebla,cubierto,,225,5.9,1.4,7.3,292,ninguna,humeda,2000,2828.0,17.0,False,False,False,9,2,46,False,MODERADO,synthetic
25.5,68,1016,22.4,77,6060,1.1,nublado,nublado,,225,11.9,-19.0,29.1,3730,leve,humeda,2000,3740.0,20.2,False,False,False,20,10,272,False,BAJO,synthetic
23.3,35,1018,3.6,60,8339,0.0,despejado,despejado,,270,1.8,-3.1,4.3,14429,leve,seca,500,1616.0,9.8,False,False,False,19,12,357,False,BAJO,synthetic
-2.1,92,1018,27.5,220,2695,15.9,nieve,cubierto,,270,21.1,17.7,33.0,1745,leve,nevada,2500,1048.0,-3.4,False,False,False,12,9,243,False,ALTO,synthetic
12.6,96,988,38.3,340,3020,22.7,lluvia_fuerte,cubierto,,135,16.2,-34.7,53.6,1125,severa,mojada,2000,2192.0,12.0,False,False,False,1,8,224,True,ALTO,synthetic
17.1,82,1000,24.7,43,4899,2.8,lluvia_ligera,cubierto,,45,0.9,24.7,29.6,2156,leve,mojada,500,872.0,13.4,False,False,False,3,1,12,True,MODERADO,synthetic
17.31,66,1018,5.508,286,10000,0.0,clouds,cubierto,2026-02-06 15:00:00,130,2.2,-5.0,7.2,1000,ninguna,seca,8361,10645.0,10.5,False,False,False,20,2,35,False,BAJO,real_forecast
29.7,36,1018,12.2,31,8418,0.0,despejado,despejado,,315,11.8,3.0,17.1,10033,leve,seca,2000,4244.0,20.7,False,False,False,1,3,88,True,BAJO,synthetic
26.9,51,1011,21.9,64,6247,0.5,nublado,nublado,,315,20.7,-7.1,28.5,1568,leve,seca,0,1428.0,13.5,False,False,False,6,10,296,False,MODERADO,synthetic
13.21,92,1018,1.1520000000000001,118,10000,0.5633333333333334,rain,cubierto,2026-02-07 03:00:00,130,0.2,1.1,1.5,1000,ninguna,mojada,8361,10153.0,11.6,False,False,False,20,2,35,False,BAJO,real_forecast
16.7,100,1001,11.0,350,836,1.2,niebla,cubierto,,0,1.9,10.8,12.1,238,ninguna,humeda,2500,3304.0,14.9,False,False,False,23,3,73,True,MODERADO,synthetic
22.8,60,1007,7.7,64,8454,0.4,nublado,dispersas,,0,6.9,3.4,10.8,3919,leve,seca,2500,4036.0,17.6,False,False,False,15,6,175,False,BAJO,synthetic
25.3,69,1014,11.4,5,7849,1.5,nublado,nublado,,180,1.0,-11.4,16.0,1909,leve,seca,0,1236.0,10.4,False,False,False,2,10,292,True,BAJO,synthetic
19.2,79,1009,15.1,57,6847,4.6,lluvia_ligera,nublado,,45,3.1,14.8,18.1,2443,moderada,mojada,500,1124.0,17.1,False,False,False,17,1,6,False,BAJO,synthetic
26.9,44,1020,2.7,39,8334,0.0,despejado,despejado,,90,2.1,1.7,3.5,10273,ninguna,seca,0,1428.0,14.8,False,False,False,1,9,251,True,BAJO,synthetic
20.7,25,1016,3.9,117,8311,0.0,despejado,despejado,,135,1.2,3.7,5.5,10176,ninguna,seca,2500,3784.0,15.7,False,False,False,8,1,10,False,BAJO,synthetic
-3.3,80,1016,26.3,87,2495,17.8,nieve,cubierto,,135,19.5,17.6,39.5,1542,moderada,contaminada,2000,284.0,-7.9,False,False,False,20,1,16,False,ALTO,synthetic
20.9,47,1015,7.4,282,8392,0.0,despejado,despejado,,315,4.0,6.2,9.6,7713,ninguna,seca,0,708.0,8.6,False,False,False,13,5,122,False,BAJO,synthetic
15.5,87,1016,16.2,147,3862,5.6,lluvia_ligera,nublado,,0,8.8,-13.6,21.1,1673,moderada,humeda,2000,2540.0,13.4,False,False,False,15,7,186,False,MODERADO,synthetic
13.7,55,1010,10.6,266,8075,0.9,nublado,nublado,,90,0.7,-10.6,11.7,2981,leve,seca,0,-156.0,-1.1,False,False,False,13,7,207,False,BAJO,synthetic
1.5,77,1004,26.6,19,3621,13.3,nieve,cubierto,,270,25.2,-8.7,34.6,1706,moderada,contaminada,2000,860.0,-1.4,True,False,False,8,5,136,False,ALTO,synthetic
17.2,84,1013,17.6,278,4756,6.4,lluvia_ligera,cubierto,,225,14.1,10.6,24.6,2098,leve,humeda,2500,3364.0,12.2,False,False,False,16,11,326,False,MODERADO,synthetic
12.1,98,1007,6.8,14,1132,1.0,niebla,cubierto,,180,1.6,-6.6,10.2,224,ninguna,humeda,1000,892.0,11.3,False,False,False,3,9,253,True,MODERADO,synthetic
11.1,76,1002,10.8,285,5416,7.5,lluvia_ligera,cubierto,,45,9.4,-5.4,13.0,1807,leve,mojada,2000,2012.0,7.2,False,False,False,3,5,127,True,BAJO,synthetic
14.2,52,1002,7.4,5,7401,0.9,nublado,nublado,,270,7.4,-0.6,10.4,3450,ninguna,humeda,500,524.0,2.3,False,False,False,20,10,297,False,BAJO,synthetic
20.4,71,1019,44.1,7,2982,17.3,granizo,cubierto,,315,34.8,27.2,61.7,1173,severa,contaminada,1000,1888.0,16.6,False,True,False,10,12,336,False,ALTO,synthetic
-5.8,76,1005,16.3,343,3889,15.9,nieve,cubierto,,0,4.8,15.6,24.5,1068,leve,contaminada,2500,604.0,-7.9,False,False,False,6,5,142,False,ALTO,synthetic
22.7,64,1004,24.9,303,7103,0.2,nublado,nublado,,225,24.4,5.2,37.3,1537,leve,humeda,2000,3404.0,7.7,False,False,False,22,6,158,True,MODERADO,synthetic
14.1,79,1000,20.6,270,5673,4.4,lluvia_ligera,cubierto,,225,14.6,14.6,26.8,1391,moderada,humeda,1000,1132.0,11.9,False,False,False,22,5,146,True,MODERADO,synthetic
34.0,47,1017,7.9,293,9298,0.0,despejado,despejado,,225,7.3,3.0,8.7,9206,leve,seca,2500,5380.0,21.6,False,False,False,4,12,342,True,BAJO,synthetic
6.3,88,984,43.0,258,2206,21.9,tormenta,cubierto,,135,36.1,-23.4,64.5,653,severa,mojada,2500,2056.0,4.2,True,True,False,0,1,23,True,ALTO,synthetic
12.1,98,1012,5.0,136,1068,0.4,niebla,cubierto,,0,3.5,-3.6,6.5,502,ninguna,mojada,0,-348.0,11.7,False,False,False,19,6,173,False,MODERADO,synthetic
9.0,95,1020,5.7,245,1196,1.1,niebla,cubierto,,45,1.9,-5.4,6.8,559,ninguna,mojada,1000,520.0,8.3,True,False,False,9,10,291,False,MODERADO,synthetic
15.5,53,1013,18.9,358,8336,0.0,despejado,despejado,,315,12.9,13.8,26.5,9482,leve,seca,2500,3160.0,6.1,False,False,False,1,4,103,True,BAJO,synthetic
-8.0,77,1019,31.2,20,2025,9.4,nieve,cubierto,,180,10.7,-29.3,40.6,1421,leve,nevada,2500,340.0,-10.6,False,False,False,14,11,319,False,ALTO,synthetic
10.9,100,1019,3.5,122,1036,1.6,niebla,cubierto,,315,0.8,-3.4,4.5,336,ninguna,humeda,1000,748.0,10.3,False,False,False,4,12,356,True,MODERADO,synthetic
10.4,87,1002,20.1,52,4780,3.9,lluvia_ligera,nublado,,315,20.0,-2.4,28.1,2121,moderada,mojada,0,-552.0,6.5,False,False,False,23,11,327,True,MODERADO,synthetic
19.8,85,981,40.1,44,2297,11.7,lluvia_fuerte,cubierto,,270,28.8,-27.9,48.1,974,moderada,contaminada,2000,3056.0,17.7,False,False,True,16,6,165,False,ALTO,synthetic
-1.2,85,1020,19.8,216,1304,17.2,nieve,cubierto,,270,16.0,11.6,23.8,492,leve,contaminada,0,-1944.0,-5.1,False,False,False,3,10,294,True,ALTO,synthetic
12.4,79,1001,19.6,100,3101,7.0,lluvia_ligera,nublado,,45,16.1,11.2,27.4,2467,leve,mojada,500,308.0,8.1,False,False,False,4,5,141,True,MODERADO,synthetic
12.5,87,1004,16.6,335,3988,3.3,lluvia_ligera,nublado,,225,15.6,-5.7,18.3,2326,leve,humeda,2500,2800.0,9.8,False,False,False,9,6,156,False,MODERADO,synthetic
17.7,85,1012,26.1,167,3528,22.5,granizo,cubierto,,225,22.1,13.8,33.9,1027,severa,contaminada,500,944.0,14.0,False,True,True,0,10,284,True,ALTO,synthetic
19.2,81,1004,22.5,357,5091,6.1,lluvia_ligera,cubierto,,0,1.2,22.5,29.2,2389,leve,mojada,1000,1744.0,16.8,False,False,False,19,2,46,False,MODERADO,synthetic
8.8,90,995,25.8,14,2290,11.9,lluvia_fuerte,cubierto,,135,22.1,-13.3,31.0,1123,moderada,contaminada,2500,2356.0,5.6,False,False,False,15,4,117,False,ALTO,synthetic
19.5,94,987,40.4,260,1395,15.4,lluvia_fuerte,cubierto,,135,33.1,-23.2,52.5,985,severa,contaminada,0,540.0,18.4,False,False,False,16,2,57,False,ALTO,synthetic
14.64,86,1014,5.4,255,10000,0.9166666666666666,rain,cubierto,2026-02-06 21:00:00,130,4.4,-3.1,7.0,1000,ninguna,mojada,8361,10324.0,11.8,False,False,False,20,2,35,False,BAJO,real_forecast
8.2,100,1004,10.1,164,2259,0.5,niebla,cubierto,,0,2.8,-9.7,13.1,547,ninguna,humeda,0,-816.0,6.4,True,False,False,8,4,96,False,MODERADO,synthetic
14.7,97,1008,7.4,326,1874,1.0,niebla,cubierto,,225,7.3,-1.4,11.1,370,ninguna,humeda,500,584.0,13.8,False,False,False,14,5,134,False,MODERADO,synthetic
14.4,69,1010,9.4,322,6513,0.7,nublado,dispersas,,90,7.4,-5.8,13.2,1823,leve,humeda,2000,2408.0,8.3,False,False,False,5,11,310,True,BAJO,synthetic
12.2,70,1006,24.2,135,4232,2.0,lluvia_ligera,nublado,,270,17.1,-17.1,29.0,1377,leve,mojada,500,284.0,1.9,False,False,False,9,11,321,False,MODERADO,synthetic
21.9,71,1012,31.4,307,2360,21.6,granizo,cubierto,,135,4.4,-31.1,47.1,1342,severa,mojada,2500,3928.0,17.5,False,True,False,7,3,66,False,ALTO,synthetic
33.4,43,1026,1.0,257,8780,0.0,despejado,despejado,,135,0.8,-0.5,1.2,6885,ninguna,seca,2000,4688.0,26.9,False,False,False,17,9,267,False,BAJO,synthetic
19.7,52,1018,9.7,48,8567,0.0,despejado,despejado,,270,6.5,-7.2,11.6,5386,leve,seca,2500,3664.0,12.0,False,False,False,7,11,308,False,BAJO,synthetic
12.0,70,1007,12.5,270,4148,7.8,lluvia_ligera,cubierto,,90,0.0,-12.5,16.2,2367,leve,humeda,1000,880.0,2.2,False,False,False,10,10,283,False,BAJO,synthetic
31.7,50,1025,16.7,296,9684,0.0,despejado,despejado,,135,5.4,-15.8,23.4,14196,ninguna,seca,2000,4484.0,24.4,False,False,False,10,2,30,False,BAJO,synthetic
30.0,30,1028,8.8,124,8968,0.0,despejado,despejado,,45,8.6,1.7,11.4,11833,leve,seca,500,2420.0,20.7,False,False,False,7,3,80,False,BAJO,synthetic
13.3,98,1009,4.1,333,2330,1.5,niebla,cubierto,,90,3.7,-1.9,5.3,642,ninguna,mojada,0,-204.0,12.9,False,False,False,12,2,49,False,MODERADO,synthetic
9.83,71,1019,6.8759999999999994,90,10000,0.0,clouds,nublado,2026-02-05 09:00:00,130,4.4,5.3,8.9,2000,ninguna,seca,8361,9747.0,4.0,False,False,False,20,2,35,False,BAJO,real_forecast
1.4,84,1009,33.9,183,3737,9.0,nieve,cubierto,,0,1.8,-33.9,37.3,517,moderada,nevada,2500,1468.0,-1.9,False,False,False,5,5,146,True,ALTO,synthetic
8.6,89,999,41.5,169,1269,22.9,tormenta,cubierto,,135,23.2,34.4,49.8,984,severa,mojada,1000,472.0,4.3,False,True,True,5,6,166,True,ALTO,synthetic
17.08,70,1015,10.692,287,10000,0.20666666666666667,rain,cubierto,2026-02-06 18:00:00,130,4.2,-9.8,13.9,1000,ninguna,mojada,8361,10617.0,11.1,False,False,False,20,2,35,False,BAJO,real_forecast
30.5,51,1030,3.5,74,9623,0.0,despejado,despejado,,45,1.7,3.1,4.9,11356,leve,seca,2500,4960.0,17.8,False,False,False,12,1,8,False,BAJO,synthetic
17.5,74,1020,10.9,87,6774,7.3,lluvia_ligera,cubierto,,135,8.1,7.3,14.2,1575,moderada,humeda,0,300.0,12.9,False,False,False,4,9,269,True,BAJO,synthetic
14.25,57,1018,7.704000000000001,87,10000,0.0,clouds,nublado,2026-02-05 03:00:00,130,5.3,5.6,10.0,2000,ninguna,seca,8361,10278.0,5.7,False,False,False,20,2,35,False,BAJO,real_forecast
16.9,30,1025,19.4,196,8575,0.0,despejado,despejado,,270,18.6,5.3,27.2,10578,leve,seca,2500,3328.0,9.2,False,False,False,13,12,352,False,BAJO,synthetic
0.9,87,1016,16.8,257,3527,19.2,nieve,cubierto,,45,8.9,-14.2,25.2,1644,moderada,nevada,500,-1072.0,-3.8,False,False,False,22,12,341,True,MODERADO,synthetic
9.7,100,997,44.0,193,1921,32.7,tormenta,cubierto,,225,23.3,37.3,52.8,533,moderada,contaminada,0,-636.0,9.6,True,True,False,0,1,23,True,ALTO,synthetic
8.1,93,1018,7.2,236,2310,0.0,niebla,cubierto,,45,1.4,-7.1,10.8,663,ninguna,humeda,2500,2272.0,6.3,False,False,False,5,10,286,True,MODERADO,synthetic
19.0,74,1008,23.4,332,8502,1.5,nublado,dispersas,,135,6.8,-22.4,28.1,2106,ninguna,humeda,2000,2960.0,14.2,False,False,False,19,2,57,False,BAJO,synthetic
16.7,59,1019,16.6,1,8992,0.8,nublado,nublado,,90,16.6,0.3,21.6,1819,ninguna,seca,2000,2684.0,6.8,False,False,False,16,5,145,False,BAJO,synthetic
15.9,96,986,20.5,277,3313,19.4,lluvia_fuerte,cubierto,,315,12.6,16.2,28.7,597,moderada,contaminada,2000,2588.0,15.1,False,False,False,7,12,360,False,ALTO,synthetic
15.2,78,1007,20.2,211,5750,4.7,lluvia_ligera,nublado,,270,17.3,10.4,24.2,2468,leve,mojada,2500,3124.0,12.2,False,False,False,4,8,226,True,MODERADO,synthetic
15.2,93,1014,7.1,314,2042,1.2,niebla,cubierto,,90,4.9,-5.1,7.8,800,ninguna,humeda,0,24.0,13.8,False,False,False,23,12,356,True,MODERADO,synthetic
14.2,84,1003,10.5,308,3731,5.2,lluvia_ligera,nublado,,225,10.4,1.3,15.8,1097,moderada,humeda,0,-96.0,9.6,False,False,False,18,4,95,False,MODERADO,synthetic
17.68,49,1017,4.212,154,10000,0.0,clouds,cubierto,2026-02-05 15:00:00,130,1.7,3.8,5.5,1000,ninguna,seca,8361,10689.0,7.5,False,False,False,20,2,35,False,BAJO,real_forecast
9.2,89,1016,29.4,304,3572,6.3,lluvia_ligera,nublado,,315,5.6,28.9,38.2,1915,moderada,humeda,0,-696.0,6.4,True,False,False,7,11,323,False,MODERADO,synthetic
20.3,79,1010,16.9,294,3906,3.8,lluvia_ligera,cubierto,,0,15.4,6.9,23.7,1084,moderada,humeda,1000,1876.0,15.6,False,False,False,3,4,95,True,MODERADO,synthetic
23.6,57,1007,5.1,61,7717,0.5,nublado,dispersas,,45,1.4,4.9,6.6,3665,leve,humeda,2500,4132.0,11.7,False,False,False,17,12,354,False,BAJO,synthetic
13.9,84,1015,38.6,127,4637,13.2,granizo,cubierto,,135,5.4,38.2,42.5,831,severa,contaminada,2500,2968.0,10.5,False,True,True,6,6,166,False,ALTO,synthetic
14.2,84,1019,22.9,210,6982,5.8,lluvia_ligera,cubierto,,315,22.1,-5.9,29.8,1047,leve,mojada,2500,3004.0,10.8,False,False,False,10,1,8,False,MODERADO,synthetic
14.7,89,996,34.0,278,2443,24.8,tormenta,cubierto,,315,20.5,27.2,44.2,323,severa,mojada,2000,2444.0,10.9,False,True,False,1,4,106,True,ALTO,synthetic
16.5,74,1001,46.1,196,2581,13.3,granizo,cubierto,,0,12.7,-44.3,55.3,1220,severa,contaminada,0,180.0,13.8,False,True,False,6,5,140,False,ALTO,synthetic
15.0,89,1007,46.5,32,3737,21.7,granizo,cubierto,,270,39.4,-24.6,65.1,1244,severa,contaminada,2500,3100.0,11.2,False,True,False,7,7,209,False,ALTO,synthetic
11.4,95,1014,7.5,235,2341,0.8,niebla,cubierto,,90,4.3,-6.1,10.5,309,ninguna,humeda,500,188.0,11.2,False,False,False,19,11,306,False,MODERADO,synthetic
29.1,51,1025,12.8,109,9681,0.0,despejado,despejado,,90,4.2,12.1,15.4,11406,ninguna,seca,1000,2932.0,22.8,False,False,False,20,4,96,False,BAJO,synthetic
19.0,75,1019,27.3,60,4405,7.2,lluvia_ligera,nublado,,0,23.6,13.7,35.5,1660,leve,humeda,2500,3580.0,16.3,False,False,False,14,3,81,False,MODERADO,synthetic
16.3,50,1003,16.0,5,7875,0.1,nublado,nublado,,225,10.3,-12.3,24.0,3835,leve,seca,2000,2636.0,7.6,False,False,False,22,1,7,True,BAJO,synthetic
24.8,69,1015,11.6,117,6577,1.5,nublado,dispersas,,0,10.3,-5.3,15.1,3228,leve,seca,500,1796.0,16.1,False,False,False,23,1,14,True,BAJO,synthetic
12.2,75,1000,10.6,304,7363,1.9,nublado,nublado,,270,5.9,8.8,12.7,2606,leve,seca,2500,2764.0,9.2,False,False,False,10,2,36,False,BAJO,synthetic
19.5,45,1013,1.4,255,9815,0.0,despejado,despejado,,90,0.4,-1.4,2.0,11744,leve,seca,2500,3640.0,12.2,False,False,False,23,3,61,True,BAJO,synthetic
8.9,76,1005,10.8,129,5620,4.3,lluvia_ligera,cubierto,,135,1.1,10.7,15.1,1774,moderada,mojada,2500,2368.0,5.8,False,False,False,19,7,208,False,BAJO,synthetic
18.5,67,1016,17.8,76,7526,0.4,nublado,nublado,,135,15.3,9.2,24.9,2051,leve,seca,500,1040.0,9.2,False,False,False,5,4,100,True,BAJO,synthetic
15.8,91,1004,43.6,338,3673,22.5,lluvia_fuerte,cubierto,,45,40.1,17.0,52.3,922,moderada,mojada,2500,3196.0,14.8,False,False,False,6,10,277,False,ALTO,synthetic
22.7,73,1000,21.8,345,6864,1.7,nublado,dispersas,,315,10.9,18.9,28.3,2496,leve,humeda,2000,3404.0,18.8,False,False,False,1,2,53,True,BAJO,synthetic
-2.5,88,1015,20.5,145,2907,12.3,nieve,cubierto,,90,16.8,11.8,28.7,521,leve,contaminada,2500,1000.0,-5.5,False,False,False,21,2,51,True,ALTO,synthetic
26.3,73,1009,10.5,117,6810,0.3,nublado,dispersas,,315,3.2,-10.0,12.6,3572,ninguna,humeda,2000,3836.0,23.5,False,False,False,17,9,255,False,BAJO,synthetic
10.0,77,1016,48.5,168,3194,26.0,granizo,cubierto,,135,26.4,40.7,67.9,1427,severa,mojada,2000,1880.0,6.2,False,True,False,17,11,302,False,ALTO,synthetic
11.3,97,1007,9.1,22,2265,0.7,niebla,cubierto,,90,8.4,3.4,10.0,362,ninguna,mojada,500,176.0,9.7,False,False,False,2,11,308,True,MODERADO,synthetic
13.9,98,1017,5.5,30,2011,1.4,niebla,cubierto,,45,1.4,5.3,6.6,310,ninguna,mojada,1000,1108.0,13.0,False,False,False,9,2,45,False,MODERADO,synthetic
25.7,61,1020,13.5,331,6269,0.9,nublado,nublado,,270,11.8,6.5,20.2,3645,ninguna,seca,2500,4384.0,17.2,False,False,False,8,11,304,False,BAJO,synthetic
18.5,89,1003,23.9,2,4825,4.6,lluvia_ligera,cubierto,,0,0.8,23.9,35.8,912,moderada,mojada,500,1040.0,15.6,False,False,False,14,3,81,False,MODERADO,synthetic
14.5,92,1011,6.2,251,2473,1.8,niebla,cubierto,,0,5.9,-2.0,8.7,426,ninguna,humeda,2500,3040.0,13.7,False,False,False,16,5,132,False,MODERADO,synthetic
9.6,79,1008,10.5,162,3514,2.3,lluvia_ligera,cubierto,,270,10.0,-3.2,13.7,1765,leve,mojada,1000,592.0,5.0,False,False,False,12,1,22,False,BAJO,synthetic
-6.2,91,1013,13.8,187,3384,19.7,nieve,cubierto,,225,8.5,10.9,20.7,1814,moderada,contaminada,500,-1924.0,-6.8,False,False,False,3,11,329,True,ALTO,synthetic
12.9,89,985,27.6,21,3574,24.4,lluvia_fuerte,cubierto,,315,25.2,11.2,35.9,1132,moderada,mojada,2500,2848.0,10.7,False,True,False,10,2,57,False,ALTO,synthetic
5.8,93,992,33.1,320,963,33.0,tormenta,cubierto,,135,2.9,-33.0,43.0,836,moderada,contaminada,2000,1376.0,5.0,True,True,False,22,4,102,True,ALTO,synthetic
10.8,80,1016,27.7,222,6396,4.5,lluvia_ligera,cubierto,,180,18.5,20.6,36.0,1957,moderada,humeda,2000,1976.0,8.1,False,False,False,15,4,109,False,MODERADO,synthetic
14.9,100,1020,8.0,120,1747,1.0,niebla,cubierto,,0,6.9,-4.0,9.6,629,ninguna,humeda,2500,3088.0,12.9,False,False,False,20,2,59,False,MODERADO,synthetic
26.8,34,1014,14.4,315,8495,0.0,despejado,despejado,,270,10.2,10.2,15.8,14811,leve,seca,500,2036.0,15.8,False,False,False,1,12,336,True,BAJO,synthetic
21.3,39,1020,11.1,181,8036,0.0,despejado,despejado,,315,8.0,-7.7,14.4,5593,leve,seca,500,1376.0,12.6,False,False,False,22,11,329,True,BAJO,synthetic
10.3,95,1003,42.5,245,2145,26.3,tormenta,cubierto,,0,38.5,-18.0,59.5,712,severa,mojada,2000,1916.0,8.3,False,True,False,3,3,68,True,ALTO,synthetic
15.1,96,987,49.5,158,2228,24.9,tormenta,cubierto,,315,19.3,-45.6,64.4,379,severa,contaminada,2500,3112.0,13.8,False,True,False,0,5,123,True,ALTO,synthetic
24.2,69,1011,11.9,45,8569,1.1,nublado,dispersas,,270,8.4,-8.4,14.3,2082,leve,humeda,0,1104.0,12.8,False,False,False,9,12,346,False,BAJO,synthetic
18.3,53,1002,12.0,41,7488,1.1,nublado,dispersas,,180,7.9,-9.1,16.8,3639,leve,seca,2000,2876.0,10.1,False,False,False,12,11,329,False,BAJO,synthetic
12.8,100,1005,6.5,260,867,1.5,niebla,cubierto,,90,1.1,-6.4,9.1,373,ninguna,humeda,1000,976.0,11.6,False,False,False,15,11,300,False,MODERADO,synthetic
17.9,93,1012,3.0,7,1332,1.3,niebla,cubierto,,0,0.4,3.0,3.9,441,ninguna,mojada,2000,2828.0,16.3,False,False,False,3,3,72,True,MODERADO,synthetic
15.7,99,1019,0.6,74,1269,0.1,niebla,cubierto,,135,0.5,0.3,0.8,519,ninguna,mojada,500,704.0,13.7,False,False,False,20,5,146,False,MODERADO,synthetic
19.8,59,1008,23.9,106,7366,1.5,nublado,nublado,,0,23.0,-6.6,35.8,1617,leve,seca,2000,3056.0,5.0,False,False,False,11,4,110,False,MODERADO,synthetic
27.1,52,1027,0.5,21,8103,0.0,despejado,despejado,,135,0.5,-0.2,0.6,12259,ninguna,seca,2000,3932.0,15.3,False,False,False,14,8,231,False,BAJO,synthetic
31.6,53,1027,0.4,291,9591,0.0,despejado,despejado,,315,0.2,0.4,0.4,6168,ninguna,seca,0,1992.0,17.3,False,False,False,5,6,171,True,BAJO,synthetic
14.2,75,1009,15.8,212,7310,0.9,nublado,nublado,,225,3.6,15.4,20.5,1803,leve,seca,2000,2384.0,11.4,False,False,False,17,11,312,False,BAJO,synthetic
12.5,85,1007,11.9,138,4991,2.9,lluvia_ligera,nublado,,45,11.9,-0.6,15.5,1574,leve,mojada,2500,2800.0,10.4,False,False,False,22,8,210,True,MODERADO,synthetic
9.2,95,1006,3.7,220,2228,0.8,niebla,cubierto,,225,0.3,3.7,4.8,473,ninguna,mojada,0,-696.0,8.1,True,False,False,0,2,44,True,MODERADO,synthetic
7.8,96,1009,7.7,41,2360,0.7,niebla,cubierto,,135,7.7,-0.5,9.2,413,ninguna,humeda,0,-864.0,6.2,True,False,False,12,5,130,False,MODERADO,synthetic
29.6,45,1019,0.1,357,8553,0.0,despejado,despejado,,45,0.1,0.1,0.1,14544,leve,seca,2000,4232.0,15.7,False,False,False,12,8,226,False,BAJO,synthetic
21.8,77,1019,25.6,307,5138,6.0,lluvia_ligera,cubierto,,270,15.4,20.4,33.3,1989,moderada,humeda,1000,2056.0,16.8,False,False,False,7,1,14,False,MODERADO,synthetic
8.9,78,1004,10.7,335,6988,2.3,lluvia_ligera,cubierto,,180,4.5,-9.7,11.8,2319,leve,humeda,500,-112.0,4.9,False,False,False,12,2,44,False,BAJO,synthetic
19.3,44,1019,16.7,268,8341,0.0,despejado,despejado,,135,12.2,-11.4,23.4,7446,leve,seca,500,1136.0,8.8,False,False,False,8,9,249,False,BAJO,synthetic
10.8,76,1001,13.2,266,6395,7.2,lluvia_ligera,nublado,,180,13.2,0.9,15.8,2187,leve,mojada,2000,1976.0,8.1,False,False,False,2,12,340,True,MODERADO,synthetic
14.6,93,990,52.3,304,1849,35.0,tormenta,cubierto,,315,10.0,51.3,68.0,546,moderada,contaminada,0,-48.0,14.4,False,True,True,5,9,247,True,ALTO,synthetic
12.6,73,1012,14.9,114,6077,0.4,nublado,dispersas,,225,13.9,-5.3,19.4,2446,leve,seca,500,332.0,8.8,False,False,False,17,8,217,False,BAJO,synthetic
17.5,96,1008,6.0,179,2403,1.4,niebla,cubierto,,315,4.2,-4.3,7.8,310,ninguna,humeda,500,920.0,15.6,False,False,False,8,5,135,False,MODERADO,synthetic
34.0,37,1010,1.2,262,8352,0.0,despejado,despejado,,315,1.0,0.7,1.8,14115,ninguna,seca,0,2280.0,26.7,False,False,False,2,11,316,True,BAJO,synthetic
24.7,25,1026,12.5,218,9285,0.0,despejado,despejado,,180,7.7,9.9,16.2,12576,ninguna,seca,0,1164.0,11.6,False,False,False,20,8,212,False,BAJO,synthetic
20.4,72,1008,15.2,121,4207,5.1,lluvia_ligera,nublado,,270,7.8,-13.0,18.2,1917,leve,humeda,500,1268.0,18.4,False,False,False,16,12,356,False,BAJO,synthetic
20.7,76,1011,18.0,150,5293,4.2,lluvia_ligera,cubierto,,135,4.7,17.4,21.6,1973,moderada,mojada,2000,3164.0,16.2,False,False,False,17,5,129,False,BAJO,synthetic
0.4,88,1010,34.4,191,3835,13.8,nieve,cubierto,,270,33.8,6.6,48.2,1151,moderada,contaminada,0,-1752.0,-4.2,False,False,False,6,8,220,False,ALTO,synthetic
18.6,27,1018,14.9,264,9489,0.0,despejado,despejado,,45,9.4,-11.6,19.4,7944,leve,seca,2500,3532.0,13.1,False,False,False,10,5,140,False,BAJO,synthetic
14.3,89,1006,10.6,24,3943,6.6,lluvia_ligera,nublado,,315,9.9,3.8,11.7,2177,moderada,humeda,2500,3016.0,11.4,False,False,False,1,2,58,True,MODERADO,synthetic
14.7,72,1014,24.2,261,3665,7.0,lluvia_ligera,cubierto,,225,14.2,19.6,29.0,1133,moderada,mojada,0,-36.0,11.0,False,False,False,6,10,280,False,MODERADO,synthetic
10.97,72,1020,6.768,84,10000,0.0,clouds,nublado,2026-02-05 12:00:00,130,4.9,4.7,8.8,2000,ninguna,seca,8361,9884.0,5.4,False,False,False,20,2,35,False,BAJO,real_forecast
-7.2,77,1018,12.9,209,3299,9.2,nieve,cubierto,,180,6.3,11.3,16.8,1133,leve,contaminada,500,-2044.0,-9.3,False,False,False,3,12,363,True,MODERADO,synthetic
12.5,84,1013,14.0,335,3806,4.7,lluvia_ligera,nublado,,45,13.2,4.8,16.8,979,moderada,mojada,2500,2800.0,10.2,False,False,False,9,4,94,False,MODERADO,synthetic
21.3,51,1003,12.9,278,8365,0.3,nublado,nublado,,315,7.8,10.3,16.8,3097,leve,humeda,500,1376.0,14.7,False,False,False,16,10,298,False,BAJO,synthetic
15.4,90,987,50.7,247,1112,28.7,tormenta,cubierto,,0,46.7,-19.8,60.8,983,severa,mojada,2000,2528.0,10.9,False,True,False,20,7,193,False,ALTO,synthetic
9.3,76,1019,20.4,344,5853,4.9,lluvia_ligera,cubierto,,135,9.9,-17.8,24.5,2055,moderada,humeda,500,-64.0,6.3,False,False,False,13,9,264,False,MODERADO,synthetic
14.5,75,1015,13.7,291,4883,2.7,lluvia_ligera,nublado,,315,5.6,12.5,17.8,1038,moderada,humeda,2500,3040.0,11.0,False,False,False,9,8,210,False,MODERADO,synthetic
23.3,57,1008,21.0,287,6121,1.0,nublado,dispersas,,0,20.1,6.1,31.5,3861,leve,humeda,500,1616.0,15.4,False,False,False,15,6,152,False,MODERADO,synthetic
17.4,90,982,48.5,37,2559,18.5,tormenta,cubierto,,180,29.2,-38.7,63.1,641,moderada,mojada,2500,3388.0,14.4,False,True,False,15,8,239,False,ALTO,synthetic
14.6,66,1005,19.0,108,7450,0.2,nublado,nublado,,315,8.6,-16.9,28.5,3371,leve,seca,2000,2432.0,3.1,False,False,False,15,5,121,False,BAJO,synthetic
13.12,92,1017,5.004,135,10000,0.8933333333333334,rain,cubierto,2026-02-06 00:00:00,130,0.4,5.0,6.5,1000,ninguna,mojada,8361,10142.0,11.5,False,False,False,20,2,35,False,BAJO,real_forecast
5.7,92,1017,0.4,121,856,1.4,niebla,cubierto,,45,0.4,0.1,0.6,346,ninguna,humeda,500,-496.0,4.6,True,False,False,7,2,56,False,MODERADO,synthetic
14.7,94,1004,50.5,27,925,21.0,tormenta,cubierto,,90,45.0,22.9,75.8,600,severa,mojada,0,-36.0,14.6,False,True,True,4,5,133,True,ALTO,synthetic
5.7,89,991,27.5,235,1268,15.3,lluvia_fuerte,cubierto,,180,22.5,15.8,30.3,1058,moderada,contaminada,500,-496.0,1.6,False,False,False,11,6,157,False,ALTO,synthetic
24.9,77,1001,36.6,0,2510,12.3,granizo,cubierto,,45,25.9,25.9,47.6,1333,severa,mojada,1000,2428.0,21.8,False,True,False,5,8,225,True,ALTO,synthetic
15.5,94,1002,1.1,336,2413,0.9,niebla,cubierto,,135,0.4,-1.0,1.5,691,ninguna,humeda,500,680.0,15.3,False,False,False,0,4,101,True,MODERADO,synthetic
4.4,84,1010,13.9,54,1137,6.6,nieve,cubierto,,315,13.7,-2.2,16.7,1580,leve,nevada,0,-1272.0,2.2,True,False,False,1,12,334,True,ALTO,synthetic
8.7,83,1008,21.6,190,5694,3.7,lluvia_ligera,nublado,,135,17.7,12.4,30.2,1668,leve,humeda,0,-756.0,4.0,False,False,False,11,10,277,False,MODERADO,synthetic
30.5,41,1020,8.3,3,9809,0.0,despejado,despejado,,180,0.4,-8.3,9.1,7438,leve,seca,1000,3100.0,22.3,False,False,False,5,12,354,True,BAJO,synthetic
12.5,74,1008,16.3,271,4380,4.0,lluvia_ligera,cubierto,,0,16.3,0.3,22.8,1164,leve,humeda,1000,940.0,8.1,False,False,False,8,6,166,False,MODERADO,synthetic
26.4,73,1018,18.1,185,8718,1.7,nublado,nublado,,315,13.9,-11.6,25.3,3389,leve,humeda,2000,3848.0,22.2,False,False,False,23,9,255,True,BAJO,synthetic
31.5,30,1012,18.6,202,8552,0.0,despejado,despejado,,315,17.1,-7.3,24.2,10276,ninguna,seca,2500,5080.0,24.6,False,False,False,6,7,202,False,BAJO,synthetic
14.0,52,1000,15.8,202,8360,1.7,nublado,nublado,,180,5.9,14.6,19.0,2141,leve,seca,2000,2360.0,0.7,False,False,False,2,4,90,True,BAJO,synthetic
20.5,77,1006,30.9,135,4304,27.5,granizo,cubierto,,135,0.0,30.9,37.1,1091,severa,contaminada,2500,3760.0,17.1,False,True,False,1,12,354,True,ALTO,synthetic
16.1,51,1003,13.6,268,6784,1.0,nublado,dispersas,,135,9.9,-9.3,16.3,3524,leve,humeda,1000,1372.0,4.1,False,False,False,20,8,220,False,BAJO,synthetic
23.1,72,1011,33.4,350,2923,29.7,granizo,cubierto,,90,32.9,-5.8,36.7,902,severa,mojada,1000,2212.0,18.4,False,True,False,12,9,252,False,ALTO,synthetic
18.0,68,1013,23.6,135,6184,0.6,nublado,dispersas,,270,16.7,-16.7,26.0,3914,ninguna,humeda,500,980.0,9.7,False,False,False,18,4,100,False,MODERADO,synthetic
16.7,92,1014,11.4,100,2073,0.4,niebla,cubierto,,90,2.0,11.2,13.7,465,ninguna,humeda,0,204.0,15.7,False,False,False,1,8,230,True,MODERADO,synthetic
27.7,46,1021,19.3,111,9852,0.0,despejado,despejado,,90,6.9,18.0,25.1,8725,ninguna,seca,2500,4624.0,14.6,False,False,False,19,5,130,False,BAJO,synthetic
27.9,53,1003,18.5,210,7468,0.8,nublado,nublado,,225,4.8,17.9,20.4,2652,leve,humeda,2500,4648.0,20.1,False,False,False,5,11,312,True,BAJO,synthetic
17.1,51,1003,8.0,245,6834,0.2,nublado,nublado,,315,7.5,2.7,9.6,3160,leve,humeda,2500,3352.0,11.8,False,False,False,10,6,169,False,BAJO,synthetic
8.1,75,1012,14.0,149,5263,5.8,lluvia_ligera,nublado,,135,3.4,13.6,21.0,1102,leve,mojada,2500,2272.0,5.8,True,False,False,14,6,158,False,MODERADO,synthetic
14.8,68,1000,10.5,162,7722,1.2,nublado,nublado,,45,9.4,-4.8,12.6,3615,ninguna,seca,500,596.0,5.5,False,False,False,11,3,86,False,BAJO,synthetic
17.3,97,1006,11.0,190,1327,0.5,niebla,cubierto,,180,1.9,10.8,14.3,609,ninguna,mojada,500,896.0,16.7,False,False,False,11,7,207,False,MODERADO,synthetic
10.1,71,1006,18.2,319,5937,3.3,lluvia_ligera,nublado,,0,11.9,13.7,25.5,1340,moderada,humeda,2000,1892.0,5.4,False,False,False,7,7,200,False,MODERADO,synthetic
34.5,35,1015,8.2,9,8509,0.0,despejado,despejado,,225,4.8,-6.6,10.7,5590,leve,seca,500,2960.0,26.6,False,False,False,19,7,187,False,BAJO,synthetic
17.4,98,999,33.7,74,1634,15.5,lluvia_fuerte,cubierto,,90,9.3,32.4,37.1,695,severa,mojada,1000,1528.0,15.6,False,True,False,1,4,99,True,ALTO,synthetic
15.3,96,986,49.1,132,1667,15.3,tormenta,cubierto,,90,32.9,36.5,63.8,913,moderada,mojada,1000,1276.0,13.9,False,True,False,2,1,17,True,ALTO,synthetic
12.0,96,989,35.7,228,1330,27.2,tormenta,cubierto,,90,23.9,-26.5,42.8,428,severa,contaminada,0,-360.0,10.3,False,True,False,8,9,258,False,ALTO,synthetic
8.4,96,1008,5.2,141,1894,1.8,niebla,cubierto,,270,4.0,-3.3,7.3,492,ninguna,humeda,0,-792.0,7.9,True,False,False,18,3,73,False,MODERADO,synthetic
10.6,72,1016,25.4,83,3575,2.9,lluvia_ligera,nublado,,315,20.0,-15.6,35.6,1351,leve,humeda,1000,712.0,7.2,False,False,False,18,10,298,False,MODERADO,synthetic
14.4,99,1002,11.9,297,2438,1.0,niebla,cubierto,,90,5.4,-10.6,15.5,705,ninguna,mojada,2000,2408.0,13.1,False,False,False,6,5,139,False,MODERADO,synthetic
24.9,56,1016,13.4,104,6609,0.2,nublado,dispersas,,315,6.9,-11.5,16.1,3557,ninguna,seca,2500,4288.0,16.0,False,False,False,5,5,139,True,BAJO,synthetic
9.4,93,1012,6.6,76,1567,0.2,niebla,cubierto,,315,5.7,-3.4,8.6,436,ninguna,mojada,500,-52.0,7.6,True,False,False,16,5,148,False,MODERADO,synthetic
22.0,88,1012,24.1,65,3026,3.9,lluvia_ligera,cubierto,,90,10.2,21.8,26.5,2120,moderada,mojada,500,1460.0,19.3,False,False,False,2,12,346,True,MODERADO,synthetic
15.9,40,1030,3.6,225,9618,0.0,despejado,despejado,,270,2.5,2.5,4.7,13803,ninguna,seca,0,108.0,3.9,False,False,False,19,5,134,False,BAJO,synthetic
21.8,68,1014,12.4,359,6306,1.9,nublado,dispersas,,315,8.6,8.9,17.4,1534,leve,humeda,2000,3296.0,14.8,False,False,False,9,9,263,False,BAJO,synthetic
21.1,67,1000,14.9,270,6561,1.0,nublado,dispersas,,225,10.5,10.5,17.9,3556,leve,seca,0,732.0,11.9,False,False,False,4,11,309,True,BAJO,synthetic
20.6,78,1003,10.3,294,6235,5.5,lluvia_ligera,nublado,,180,9.4,-4.2,14.4,2103,moderada,mojada,2000,3152.0,17.4,False,False,False,10,3,69,False,MODERADO,synthetic
17.4,87,1004,21.8,253,3466,5.4,lluvia_ligera,cubierto,,225,10.2,19.2,26.2,1299,leve,humeda,500,908.0,14.7,False,False,False,9,11,306,False,MODERADO,synthetic
12.7,92,1009,8.6,43,1969,1.8,niebla,cubierto,,0,5.9,6.3,10.3,519,ninguna,humeda,2000,2204.0,11.0,False,False,False,11,12,337,False,MODERADO,synthetic
7.4,93,1017,6.4,76,1680,0.9,niebla,cubierto,,90,1.5,6.2,7.7,213,ninguna,humeda,2500,2188.0,7.3,True,False,False,18,11,305,False,MODERADO,synthetic
26.0,38,1025,14.3,13,8978,0.0,despejado,despejado,,180,3.2,-13.9,17.2,9255,ninguna,seca,1000,2560.0,20.9,False,False,False,9,3,77,False,BAJO,synthetic
12.1,76,1015,11.4,106,6445,3.7,lluvia_ligera,nublado,,135,5.5,10.0,12.5,1881,leve,mojada,1000,892.0,8.7,False,False,False,21,2,37,True,BAJO,synthetic
14.0,88,1015,27.8,229,3031,3.2,lluvia_ligera,nublado,,90,18.2,-21.0,36.1,1124,leve,humeda,500,500.0,10.9,False,False,False,2,11,328,True,MODERADO,synthetic
15.1,97,1003,1.7,20,2296,0.3,niebla,cubierto,,0,0.6,1.6,2.5,241,ninguna,humeda,500,632.0,13.3,False,False,False,9,1,3,False,MODERADO,synthetic
19.8,81,1020,17.4,194,3411,5.6,lluvia_ligera,nublado,,225,9.0,14.9,19.1,1540,moderada,humeda,2000,3056.0,15.6,False,False,False,17,10,296,False,MODERADO,synthetic
14.2,87,1008,12.9,302,6452,2.7,lluvia_ligera,nublado,,180,10.9,-6.8,18.1,2109,leve,humeda,2000,2384.0,9.9,False,False,False,11,1,16,False,BAJO,synthetic
10.3,98,1007,10.5,98,2481,0.7,niebla,cubierto,,180,10.4,1.5,13.7,516,ninguna,humeda,0,-564.0,10.3,False,False,False,17,1,15,False,MODERADO,synthetic
12.9,71,1003,11.2,181,5458,7.1,lluvia_ligera,cubierto,,45,7.8,-8.1,12.3,926,moderada,humeda,2000,2228.0,8.3,False,False,False,5,1,10,True,MODERADO,synthetic
25.1,51,1027,7.6,24,8983,0.0,despejado,despejado,,45,2.7,7.1,9.9,14949,ninguna,seca,500,1832.0,19.6,False,False,False,3,6,151,True,BAJO,synthetic
11.5,97,1013,8.9,315,2283,0.2,niebla,cubierto,,315,0.0,8.9,11.6,404,ninguna,humeda,2000,2060.0,9.8,False,False,False,1,12,347,True,MODERADO,synthetic
19.3,81,1003,21.1,256,5508,6.0,lluvia_ligera,nublado,,180,20.5,5.1,29.5,2173,moderada,mojada,2000,2996.0,14.7,False,False,False,14,10,294,False,ALTO,synthetic
6.7,98,1019,11.0,269,1973,0.6,niebla,cubierto,,270,0.2,11.0,13.2,472,ninguna,mojada,2000,1484.0,5.7,True,False,False,0,6,167,True,MODERADO,synthetic
17.3,98,1015,3.2,124,1769,1.5,niebla,cubierto,,180,2.7,1.8,4.2,333,ninguna,mojada,1000,1516.0,15.9,False,False,False,8,7,202,False,MODERADO,synthetic
14.4,100,1013,10.0,96,2052,1.5,niebla,cubierto,,270,1.0,-9.9,12.0,645,ninguna,mojada,0,-72.0,14.0,False,False,False,14,3,66,False,MODERADO,synthetic
16.4,70,1005,20.9,202,5675,6.2,lluvia_ligera,nublado,,0,7.8,-19.4,31.3,1705,moderada,mojada,2500,3268.0,2.5,False,False,False,18,8,233,False,MODERADO,synthetic
25.8,27,1025,0.4,234,9563,0.0,despejado,despejado,,180,0.3,0.2,0.5,5931,leve,seca,500,1916.0,19.2,False,False,False,22,10,296,True,BAJO,synthetic
20.5,64,1003,12.1,100,6740,0.3,nublado,dispersas,,270,2.1,-11.9,14.5,1702,ninguna,seca,2000,3140.0,6.9,False,False,False,9,7,185,False,BAJO,synthetic
27.2,38,1020,11.1,270,9615,0.0,despejado,despejado,,315,7.8,7.8,14.4,9713,leve,seca,2500,4564.0,14.2,False,False,False,23,5,144,True,BAJO,synthetic
23.5,62,1017,11.1,299,6888,1.5,nublado,dispersas,,90,5.4,-9.7,13.3,2799,ninguna,seca,2000,3500.0,9.2,False,False,False,21,5,139,True,BAJO,synthetic
19.2,87,981,37.4,149,3641,16.0,lluvia_fuerte,cubierto,,45,36.3,-9.0,52.4,788,moderada,mojada,1000,1744.0,15.4,False,False,True,23,6,179,True,ALTO,synthetic
11.7,76,1019,13.6,204,5891,6.7,lluvia_ligera,nublado,,45,4.9,-12.7,15.0,881,moderada,mojada,0,-396.0,7.0,False,True,False,0,4,96,True,ALTO,synthetic
5.6,100,1006,6.5,285,1752,1.6,niebla,cubierto,,135,3.2,-5.6,7.2,458,ninguna,mojada,0,-1128.0,4.9,True,False,False,20,8,214,False,MODERADO,synthetic
34.5,41,1014,13.4,225,8824,0.0,despejado,despejado,,0,9.5,-9.5,14.7,13692,leve,seca,1000,3580.0,24.2,False,False,False,21,8,229,True,BAJO,synthetic
6.7,97,1016,11.0,92,1372,1.9,niebla,cubierto,,270,0.4,-11.0,16.5,136,ninguna,humeda,1000,244.0,5.7,True,False,False,9,8,215,False,ALTO,synthetic
8.8,98,982,34.1,132,3768,14.7,lluvia_fuerte,cubierto,,225,34.1,-1.8,44.3,690,moderada,mojada,500,-124.0,8.3,True,False,False,1,10,292,True,ALTO,synthetic
10.3,76,1019,15.1,55,5696,4.3,lluvia_ligera,cubierto,,270,8.7,-12.4,21.1,1206,moderada,humeda,2500,2536.0,7.0,False,False,False,0,6,151,True,BAJO,synthetic
12.4,96,1007,7.3,162,1135,0.0,niebla,cubierto,,315,3.3,-6.5,8.8,747,ninguna,humeda,1000,928.0,10.5,False,False,False,23,12,346,True,MODERADO,synthetic
22.9,49,1030,15.0,80,9921,0.0,despejado,despejado,,225,8.6,-12.3,21.0,9597,ninguna,seca,2000,3428.0,15.1,False,False,False,1,2,38,True,BAJO,synthetic
16.7,52,1013,23.3,172,6276,1.6,nublado,dispersas,,270,23.1,-3.2,28.0,2284,ninguna,seca,0,204.0,10.0,False,False,False,20,3,72,False,MODERADO,synthetic
20.9,59,1006,24.8,85,8799,0.5,nublado,nublado,,180,24.7,-2.2,34.7,1899,leve,seca,2500,3808.0,14.4,False,False,False,2,2,32,True,MODERADO,synthetic
18.5,73,1017,20.0,149,3587,5.0,lluvia_ligera,nublado,,270,17.1,-10.3,26.0,2248,leve,mojada,0,420.0,14.5,False,False,False,6,6,153,False,MODERADO,synthetic
16.3,99,1001,7.4,329,1307,0.9,niebla,cubierto,,225,7.2,-1.8,9.6,698,ninguna,humeda,0,156.0,15.3,False,False,False,18,7,203,False,MODERADO,synthetic
32.5,32,1022,19.2,311,8886,0.0,despejado,despejado,,180,14.5,-12.6,23.0,6731,ninguna,seca,2500,5200.0,23.0,False,False,False,15,6,170,False,BAJO,synthetic
22.5,37,1012,16.2,172,9388,0.0,despejado,despejado,,135,9.7,12.9,24.3,13126,ninguna,seca,2500,4000.0,15.7,False,False,False,22,3,60,True,BAJO,synthetic
15.2,31,1020,18.0,315,9744,0.0,despejado,despejado,,135,0.0,-18.0,21.6,6084,leve,seca,2000,2504.0,9.5,False,False,False,1,4,107,True,BAJO,synthetic
17.6,71,1008,9.5,179,7604,0.1,nublado,dispersas,,270,9.5,-0.2,13.3,3746,leve,humeda,2000,2792.0,15.3,False,False,False,7,4,102,False,BAJO,synthetic
31.6,29,1022,13.6,35,9144,0.0,despejado,despejado,,180,7.8,-11.1,19.0,11987,ninguna,seca,500,2612.0,16.8,False,False,False,19,6,172,False,BAJO,synthetic
5.3,94,994,41.9,197,2060,21.8,tormenta,cubierto,,180,12.3,40.1,58.7,350,severa,mojada,0,-1164.0,3.4,True,True,False,20,8,231,False,ALTO,synthetic
16.0,29,1017,13.9,125,9310,0.0,despejado,despejado,,225,13.7,-2.4,16.7,11303,ninguna,seca,500,740.0,10.5,False,False,False,22,2,54,True,BAJO,synthetic
16.0,54,1018,10.2,259,8282,0.5,nublado,dispersas,,135,8.5,-5.7,13.3,3453,leve,seca,500,740.0,2.0,False,False,False,1,10,291,True,BAJO,synthetic
8.1,98,1000,0.7,229,2380,0.0,niebla,cubierto,,135,0.7,-0.0,0.8,524,ninguna,humeda,500,-208.0,6.8,False,False,False,17,4,100,False,MODERADO,synthetic
15.5,46,1013,10.8,211,9755,0.0,despejado,despejado,,315,10.5,-2.6,14.0,10109,ninguna,seca,2500,3160.0,3.2,False,False,False,11,6,172,False,BAJO,synthetic
8.7,81,1014,22.1,156,6655,7.8,lluvia_ligera,nublado,,135,7.9,20.6,26.5,1574,moderada,humeda,2500,2344.0,4.2,False,False,False,6,1,3,False,MODERADO,synthetic
5.0,78,1004,23.3,36,3633,6.3,nieve,cubierto,,180,13.7,-18.9,32.6,1166,leve,contaminada,2000,1280.0,0.9,False,False,False,11,8,234,False,ALTO,synthetic
17.3,98,1014,1.7,77,1216,0.9,niebla,cubierto,,225,0.9,-1.4,2.0,678,ninguna,mojada,1000,1516.0,15.8,False,False,False,13,7,185,False,MODERADO,synthetic
9.2,99,1008,3.0,91,1538,1.7,niebla,cubierto,,225,2.2,-2.1,4.2,611,ninguna,humeda,2000,1784.0,7.7,True,False,False,6,10,293,False,MODERADO,synthetic
10.77,94,1018,3.096,114,10000,0.04666666666666667,rain,cubierto,2026-02-06 06:00:00,130,0.9,3.0,4.0,1000,ninguna,mojada,8361,9860.0,9.6,False,False,False,20,2,35,False,BAJO,real_forecast
16.5,77,1013,27.7,230,1592,20.9,granizo,cubierto,,225,2.4,27.6,38.8,1909,severa,contaminada,2500,3280.0,14.1,False,True,False,21,10,281,True,ALTO,synthetic
14.4,93,991,51.8,345,1960,19.9,tormenta,cubierto,,0,13.4,50.0,72.5,840,moderada,mojada,2500,3028.0,14.3,False,True,False,3,3,65,True,ALTO,synthetic
19.1,84,1005,28.6,44,1935,27.7,granizo,cubierto,,315,28.6,0.5,34.3,914,severa,mojada,1000,1732.0,16.7,False,True,False,0,1,6,True,ALTO,synthetic
2.2,87,1007,31.6,86,3541,6.0,nieve,cubierto,,270,2.2,-31.5,37.9,914,moderada,contaminada,2000,944.0,-0.6,True,False,False,20,6,169,False,ALTO,synthetic
18.2,69,1007,21.7,102,8479,1.4,nublado,dispersas,,270,4.5,-21.2,30.4,2095,ninguna,humeda,2500,3484.0,6.7,False,False,False,22,8,211,True,BAJO,synthetic
21.3,81,1009,16.3,190,5250,3.5,lluvia_ligera,nublado,,90,16.1,-2.8,19.6,1547,moderada,mojada,500,1376.0,16.7,False,False,False,21,6,170,True,MODERADO,synthetic
15.3,94,1003,9.9,225,2025,1.5,niebla,cubierto,,0,7.0,-7.0,10.9,533,ninguna,mojada,2000,2516.0,14.7,False,False,False,23,9,261,True,MODERADO,synthetic
17.6,70,1002,14.0,226,3000,7.7,lluvia_ligera,nublado,,135,14.0,-0.2,16.8,937,leve,humeda,2000,2792.0,9.0,False,False,False,15,2,36,False,MODERADO,synthetic
14.4,78,1004,35.9,51,2995,19.1,granizo,cubierto,,135,35.7,3.8,46.7,1243,severa,contaminada,0,-72.0,10.0,False,True,False,7,4,101,False,ALTO,synthetic
16.6,97,1018,11.2,64,820,0.5,niebla,cubierto,,315,10.6,-3.6,15.7,561,ninguna,mojada,2500,3292.0,16.1,False,False,False,11,7,199,False,MODERADO,synthetic
22.6,74,1003,24.3,58,6870,0.9,nublado,nublado,,135,23.7,5.5,26.7,2041,leve,seca,0,912.0,18.1,False,False,False,16,7,195,False,MODERADO,synthetic
12.2,62,1009,18.7,278,8114,1.2,nublado,dispersas,,225,14.9,11.3,24.3,1539,ninguna,humeda,1000,904.0,3.1,False,False,False,13,9,262,False,BAJO,synthetic
24.7,62,1018,16.2,119,8922,1.4,nublado,nublado,,90,7.9,14.2,19.4,2805,leve,seca,0,1164.0,17.2,False,False,False,18,11,328,False,BAJO,synthetic
11.4,72,1004,34.6,279,2172,29.3,granizo,cubierto,,315,20.3,28.0,45.0,619,severa,mojada,1000,808.0,7.0,False,True,False,14,9,248,False,ALTO,synthetic
13.0,100,1008,2.2,236,1895,1.6,niebla,cubierto,,90,1.2,-1.8,2.6,744,ninguna,humeda,2000,2240.0,12.1,False,False,False,3,6,172,True,MODERADO,synthetic
17.0,78,1000,19.7,212,4386,7.1,lluvia_ligera,cubierto,,315,19.2,-4.4,23.6,2128,leve,mojada,1000,1480.0,14.5,False,False,False,9,2,39,False,MODERADO,synthetic
16.2,71,1012,10.3,327,6592,1.7,nublado,nublado,,135,2.1,-10.1,13.4,3682,leve,humeda,2500,3244.0,12.6,False,False,False,7,3,73,False,BAJO,synthetic
16.3,96,1014,8.0,223,2322,1.1,niebla,cubierto,,180,5.5,5.9,12.0,420,ninguna,mojada,2500,3256.0,16.0,False,False,False,7,4,104,False,MODERADO,synthetic
34.9,39,1027,8.9,4,8529,0.0,despejado,despejado,,90,8.9,0.6,13.4,6491,leve,seca,0,2388.0,22.5,False,False,False,11,3,78,False,BAJO,synthetic
17.0,97,1000,4.0,122,1940,1.9,niebla,cubierto,,90,2.1,3.4,4.8,653,ninguna,humeda,2000,2720.0,16.1,False,False,False,16,1,4,False,MODERADO,synthetic
10.78,64,1020,6.8759999999999994,93,10000,0.0,clouds,cubierto,2026-02-05 06:00:00,130,4.1,5.5,8.9,1000,ninguna,seca,8361,9861.0,3.6,False,False,False,20,2,35,False,BAJO,real_forecast
17.2,93,1003,1.6,23,1749,1.4,niebla,cubierto,,225,0.6,-1.5,2.1,790,ninguna,mojada,2000,2744.0,15.7,False,False,False,14,7,199,False,MODERADO,synthetic
28.1,55,1028,6.7,67,9136,0.0,despejado,despejado,,270,2.6,-6.2,8.0,10824,ninguna,seca,2500,4672.0,18.3,False,False,False,18,4,90,False,BAJO,synthetic
15.2,82,1004,29.1,337,2677,27.7,granizo,cubierto,,135,10.9,-27.0,32.0,716,severa,contaminada,2000,2504.0,11.9,False,True,False,14,12,339,False,ALTO,synthetic
25.5,64,1009,12.2,242,6634,2.0,nublado,nublado,,135,11.7,-3.6,15.9,3052,ninguna,humeda,500,1880.0,12.9,False,False,False,18,11,312,False,BAJO,synthetic
32.0,30,1013,2.0,102,9321,0.0,despejado,despejado,,135,1.1,1.7,2.6,8044,ninguna,seca,2500,5140.0,20.6,False,False,False,7,6,156,False,BAJO,synthetic
21.5,36,1013,13.2,193,9991,0.0,despejado,despejado,,90,12.9,-3.0,17.2,8985,leve,seca,2000,3260.0,8.0,False,False,False,22,9,253,True,BAJO,synthetic
13.2,91,1002,46.8,24,1708,33.1,tormenta,cubierto,,315,43.7,16.8,51.5,540,severa,contaminada,1000,1024.0,12.6,False,True,False,7,12,352,False,ALTO,synthetic
20.9,50,1016,3.9,128,9030,0.0,despejado,despejado,,90,2.4,3.1,4.3,8053,ninguna,seca,2000,3188.0,13.1,False,False,False,1,11,322,True,BAJO,synthetic
32.0,38,1016,4.1,118,9178,0.0,despejado,despejado,,0,3.6,-1.9,6.1,14427,leve,seca,2500,5140.0,20.7,False,False,False,13,7,191,False,BAJO,synthetic
18.1,71,1004,11.9,155,8674,0.7,nublado,nublado,,0,5.0,-10.8,14.3,3967,ninguna,humeda,500,992.0,13.9,False,False,False,9,9,248,False,BAJO,synthetic
11.3,87,990,36.5,94,1279,22.6,lluvia_fuerte,cubierto,,180,36.4,2.5,47.5,1094,moderada,contaminada,0,-444.0,7.8,False,False,False,1,4,116,True,ALTO,synthetic
15.1,54,1024,14.7,172,9251,0.0,despejado,despejado,,315,8.8,-11.7,17.6,8232,ninguna,seca,2500,3112.0,2.0,False,False,False,8,11,324,False,BAJO,synthetic
-6.5,86,1008,31.2,40,1440,11.6,nieve,cubierto,,225,2.7,-31.1,37.4,873,moderada,contaminada,0,-2580.0,-9.8,False,False,True,22,6,170,True,ALTO,synthetic
15.8,51,1010,7.3,201,9701,0.0,despejado,despejado,,90,6.8,-2.6,10.9,7717,leve,seca,2500,3196.0,7.7,False,False,False,1,2,42,True,BAJO,synthetic
31.4,42,1025,10.1,141,9843,0.0,despejado,despejado,,270,7.8,-6.4,14.1,14475,ninguna,seca,0,1968.0,22.3,False,False,False,0,9,256,True,BAJO,synthetic
28.4,29,1018,2.1,247,8062,0.0,despejado,despejado,,135,1.9,-0.8,2.7,6673,leve,seca,2000,4088.0,23.1,False,False,False,3,11,303,True,BAJO,synthetic
16.6,99,1007,11.4,177,1133,0.2,niebla,cubierto,,315,7.6,-8.5,17.1,528,ninguna,humeda,500,812.0,15.6,False,False,False,4,6,152,True,MODERADO,synthetic
11.1,100,1004,40.1,215,2981,12.3,lluvia_fuerte,cubierto,,45,7.0,-39.5,48.1,519,severa,mojada,1000,772.0,9.3,False,True,True,20,6,177,False,ALTO,synthetic
21.9,89,1014,12.3,301,4622,2.4,lluvia_ligera,cubierto,,225,11.9,3.0,16.0,1768,leve,humeda,1000,2068.0,19.6,False,False,False,15,2,33,False,MODERADO,synthetic
17.7,75,1013,10.6,72,4981,5.9,lluvia_ligera,nublado,,135,9.4,4.8,13.8,1560,moderada,mojada,1000,1564.0,14.8,False,False,False,18,9,268,False,MODERADO,synthetic
14.2,71,1003,23.6,178,4521,2.3,lluvia_ligera,cubierto,,225,17.3,16.1,30.7,1904,moderada,humeda,0,-96.0,10.7,False,False,False,3,5,123,True,MODERADO,synthetic
17.1,38,1020,3.8,189,8914,0.0,despejado,despejado,,0,0.6,-3.8,4.2,7337,ninguna,seca,0,252.0,6.9,False,False,False,5,6,168,True,BAJO,synthetic
23.9,84,1013,47.0,16,4445,12.8,granizo,cubierto,,225,22.8,-41.1,56.4,1200,severa,mojada,500,1688.0,20.5,False,True,False,3,4,95,True,ALTO,synthetic
23.3,44,1026,17.2,146,9652,0.0,despejado,despejado,,135,3.3,16.9,22.4,5505,ninguna,seca,2000,3476.0,13.2,False,False,False,4,3,73,True,BAJO,synthetic
22.0,64,1005,16.5,13,6535,0.3,nublado,dispersas,,315,14.0,8.7,21.4,1851,leve,humeda,500,1460.0,13.3,False,False,False,14,1,14,False,BAJO,synthetic
16.0,90,983,28.3,6,2852,20.3,lluvia_fuerte,cubierto,,315,22.0,17.8,31.1,1304,moderada,contaminada,2000,2600.0,11.0,False,True,False,3,6,168,True,ALTO,synthetic
9.9,91,996,48.3,120,1394,19.4,tormenta,cubierto,,315,12.5,-46.7,67.6,930,severa,contaminada,2500,2488.0,9.7,True,True,True,17,12,342,False,ALTO,synthetic
20.4,58,1002,14.2,182,8396,0.8,nublado,nublado,,180,0.5,14.2,17.0,1759,leve,seca,2500,3748.0,7.1,False,False,False,19,7,180,False,BAJO,synthetic
13.6,64,1006,22.7,338,6712,2.0,nublado,dispersas,,45,20.9,8.9,27.2,2751,ninguna,seca,2500,2932.0,6.4,False,False,False,17,11,325,False,MODERADO,synthetic
19.73,53,1013,5.724,199,10000,0.0,clouds,cubierto,2026-02-05 18:00:00,130,5.3,2.1,7.4,1000,ninguna,seca,8361,10935.0,10.3,False,False,False,20,2,35,False,BAJO,real_forecast
8.7,95,1014,8.3,9,2129,0.1,niebla,cubierto,,315,6.7,4.9,9.1,667,ninguna,mojada,2500,2344.0,8.4,True,False,False,22,1,25,True,MODERADO,synthetic
16.2,79,1009,28.9,308,3944,2.2,lluvia_ligera,cubierto,,0,22.8,17.8,31.8,2451,leve,mojada,1000,1384.0,11.9,False,False,False,10,6,150,False,MODERADO,synthetic
13.7,93,1018,10.7,239,2482,0.8,niebla,cubierto,,90,5.5,-9.2,11.8,258,ninguna,mojada,1000,1084.0,13.3,False,False,False,3,9,249,True,MODERADO,synthetic
14.3,56,1009,15.6,102,6754,1.3,nublado,nublado,,90,3.2,15.3,20.3,2025,leve,humeda,2000,2396.0,4.5,False,False,False,6,11,327,False,BAJO,synthetic
11.92,90,1019,3.384,38,10000,0.0,clouds,cubierto,2026-02-06 12:00:00,130,3.4,-0.1,4.4,1000,ninguna,seca,8361,9998.0,9.9,False,False,False,20,2,35,False,BAJO,real_forecast
-2.4,77,1004,27.7,318,3501,6.2,nieve,cubierto,,180,18.5,-20.6,36.0,923,leve,nevada,2000,392.0,-4.4,False,False,False,19,7,191,False,ALTO,synthetic
19.9,95,1002,28.2,132,1676,24.6,lluvia_fuerte,cubierto,,135,1.5,28.2,39.5,344,severa,contaminada,2000,3068.0,18.1,False,False,False,7,11,315,False,ALTO,synthetic
23.0,66,1006,17.4,273,8645,0.8,nublado,dispersas,,225,12.9,11.6,19.1,2877,ninguna,humeda,2000,3440.0,9.8,False,False,False,22,9,242,True,BAJO,synthetic
19.6,86,1016,10.4,81,6187,3.1,lluvia_ligera,cubierto,,180,10.3,-1.6,14.6,1309,leve,mojada,500,1172.0,17.0,False,False,False,23,9,241,True,MODERADO,synthetic
17.3,48,1029,2.3,288,9471,0.0,despejado,despejado,,0,2.2,0.7,3.0,7860,leve,seca,2500,3376.0,11.8,False,False,False,23,9,255,True,BAJO,synthetic
21.2,36,1022,6.7,197,9312,0.0,despejado,despejado,,180,2.0,6.4,8.7,12360,ninguna,seca,500,1364.0,16.0,False,False,False,9,1,13,False,BAJO,synthetic
31.4,32,1021,0.3,222,8433,0.0,despejado,despejado,,45,0.0,-0.3,0.4,13867,leve,seca,2500,5068.0,19.6,False,False,False,14,4,103,False,BAJO,synthetic
13.3,81,1016,15.3,242,3137,3.4,lluvia_ligera,cubierto,,270,7.2,13.5,18.4,2260,leve,mojada,0,-204.0,10.1,False,False,False,0,9,265,True,BAJO,synthetic
25.1,56,1001,17.2,228,8267,1.6,nublado,nublado,,135,17.2,-0.9,25.8,1800,leve,humeda,0,1212.0,12.9,False,False,False,10,2,40,False,BAJO,synthetic
33.6,38,1017,6.1,284,9307,0.0,despejado,despejado,,270,1.5,5.9,7.3,8073,leve,seca,0,2232.0,28.1,False,False,False,21,6,160,True,BAJO,synthetic
14.0,53,1015,6.0,333,8247,1.0,nublado,dispersas,,225,5.7,-1.9,8.4,2721,leve,humeda,0,-120.0,-0.1,False,False,False,22,5,132,True,BAJO,synthetic
7.1,93,1012,10.5,322,1755,0.7,niebla,cubierto,,225,10.4,-1.3,13.7,502,ninguna,humeda,2000,1532.0,6.4,True,False,False,23,2,57,True,MODERADO,synthetic
5.7,99,1019,5.9,262,1045,1.3,niebla,cubierto,,0,5.8,-0.8,7.1,674,ninguna,humeda,2500,1984.0,5.0,True,False,False,11,1,29,False,MODERADO,synthetic
8.6,86,1014,12.3,190,5652,5.8,lluvia_ligera,cubierto,,225,7.1,10.1,16.0,1535,leve,mojada,1000,472.0,4.6,False,False,False,11,12,350,False,BAJO,synthetic
8.2,85,1016,16.0,105,4449,4.9,lluvia_ligera,nublado,,270,4.1,-15.5,20.8,2458,moderada,humeda,500,-196.0,3.9,False,False,False,0,7,204,True,BAJO,synthetic
22.2,47,1030,7.1,72,9167,0.0,despejado,despejado,,135,6.3,3.2,7.8,11748,leve,seca,0,864.0,16.2,False,False,False,15,7,185,False,BAJO,synthetic
10.0,97,1020,5.6,117,2237,0.5,niebla,cubierto,,315,1.7,-5.3,8.4,510,ninguna,mojada,2000,1880.0,8.6,True,False,False,0,12,357,True,MODERADO,synthetic
15.3,69,1002,24.5,274,6255,1.4,nublado,nublado,,180,24.4,-1.7,31.9,3243,ninguna,humeda,2500,3136.0,6.9,False,False,False,11,12,357,False,MODERADO,synthetic
7.9,97,1017,11.9,15,1191,0.1,niebla,cubierto,,0,3.1,11.5,15.5,679,ninguna,humeda,2500,2248.0,7.9,True,False,False,16,4,93,False,MODERADO,synthetic
21.9,47,1028,12.3,206,8622,0.0,despejado,despejado,,45,4.0,-11.6,14.8,13040,leve,seca,1000,2068.0,8.5,False,False,False,19,1,20,False,BAJO,synthetic
13.3,86,1009,22.5,163,4721,7.5,lluvia_ligera,nublado,,135,10.6,19.9,24.8,1365,leve,mojada,1000,1036.0,8.5,False,False,False,3,11,301,True,MODERADO,synthetic
21.1,56,1011,24.1,107,6526,0.8,nublado,nublado,,315,11.3,-21.3,31.3,2581,ninguna,seca,1000,1972.0,8.9,False,False,False,3,1,11,True,BAJO,synthetic
16.0,95,988,22.1,354,2213,10.7,lluvia_fuerte,cubierto,,180,2.3,-22.0,33.2,1458,moderada,mojada,2500,3220.0,15.8,False,True,False,14,8,210,False,ALTO,synthetic
8.5,96,1005,2.2,249,612,0.4,niebla,cubierto,,180,2.1,0.8,3.1,224,ninguna,humeda,500,-160.0,8.4,True,False,False,8,6,165,False,ALTO,synthetic
32.5,54,1030,18.7,359,9296,0.0,despejado,despejado,,135,13.0,-13.5,26.2,7785,leve,seca,2500,5200.0,26.1,False,False,False,9,2,57,False,BAJO,synthetic
16.8,76,1001,28.5,329,3903,5.3,lluvia_ligera,cubierto,,180,14.7,-24.4,39.9,1911,leve,humeda,1000,1456.0,13.9,False,False,False,18,8,222,False,MODERADO,synthetic
26.7,32,1016,3.5,255,9408,0.0,despejado,despejado,,0,3.4,-0.9,4.9,12770,ninguna,seca,0,1404.0,17.5,False,False,False,9,1,12,False,BAJO,synthetic
32.0,36,1020,16.5,138,9894,0.0,despejado,despejado,,315,0.9,-16.5,18.2,10841,leve,seca,2000,4520.0,24.9,False,False,False,9,11,328,False,BAJO,synthetic
33.1,49,1020,0.9,218,8940,0.0,despejado,despejado,,0,0.6,-0.7,1.1,8750,ninguna,seca,0,2172.0,19.3,False,False,False,3,5,146,True,BAJO,synthetic
11.1,93,1007,10.7,91,965,0.9,niebla,cubierto,,45,7.7,7.4,16.0,465,ninguna,mojada,2000,2012.0,9.6,False,False,False,0,6,158,True,MODERADO,synthetic
26.2,74,1006,12.5,82,8104,1.2,nublado,nublado,,180,12.4,-1.7,17.5,2958,ninguna,humeda,2000,3824.0,22.8,False,False,False,16,6,174,False,BAJO,synthetic
27.8,61,1019,18.9,301,6394,0.7,nublado,dispersas,,315,4.6,18.3,24.6,1840,leve,humeda,1000,2776.0,13.9,False,False,False,17,10,279,False,BAJO,synthetic
19.1,35,1013,5.832000000000001,176,10000,0.049999999999999996,rain,nublado,2026-02-04 21:00:00,130,4.2,4.1,7.6,2000,ninguna,mojada,8361,10860.0,6.1,False,False,False,20,2,35,False,BAJO,real_forecast
16.1,41,1012,11.7,56,8465,0.0,despejado,despejado,,315,11.5,-2.2,12.9,6667,leve,seca,500,752.0,10.7,False,False,False,23,6,165,True,BAJO,synthetic
21.9,71,1010,16.8,157,3933,7.4,lluvia_ligera,nublado,,0,6.6,-15.5,21.8,1520,leve,mojada,1000,2068.0,19.2,False,False,False,13,9,268,False,MODERADO,synthetic
15.3,76,1015,41.8,248,3324,16.3,granizo,cubierto,,135,38.5,-16.3,58.5,1234,severa,contaminada,500,656.0,11.9,False,True,False,12,10,274,False,ALTO,synthetic
25.0,66,1010,8.7,309,6401,1.5,nublado,nublado,,90,5.5,-6.8,12.2,3872,ninguna,humeda,2500,4300.0,16.2,False,False,False,5,9,267,True,BAJO,synthetic
16.7,85,1003,21.7,208,3541,17.9,lluvia_fuerte,cubierto,,225,6.3,20.8,28.2,1125,moderada,contaminada,500,824.0,14.5,False,False,False,13,12,356,False,ALTO,synthetic
14.5,60,1018,16.3,299,6336,1.2,nublado,nublado,,315,4.5,15.7,21.2,3589,leve,humeda,1000,1180.0,8.6,False,False,False,3,6,150,True,BAJO,synthetic
26.1,47,1025,18.0,260,9950,0.0,despejado,despejado,,270,3.1,17.7,23.4,9525,leve,seca,2000,3812.0,13.6,False,False,False,2,1,27,True,BAJO,synthetic
10.6,97,1019,7.9,267,1429,1.1,niebla,cubierto,,180,7.9,0.4,11.1,277,ninguna,humeda,500,92.0,10.1,False,False,False,17,1,17,False,MODERADO,synthetic
21.6,28,1010,3.7,247,8923,0.0,despejado,despejado,,180,3.4,1.4,5.2,7610,ninguna,seca,500,1412.0,11.1,False,False,False,1,8,215,True,BAJO,synthetic
16.8,29,1019,17.0,116,9531,0.0,despejado,despejado,,0,15.3,-7.5,20.4,10477,leve,seca,2000,2696.0,8.9,False,False,False,21,7,201,True,BAJO,synthetic
-3.7,90,1008,26.2,238,2154,16.5,nieve,cubierto,,90,13.9,-22.2,31.4,1886,leve,contaminada,2000,236.0,-6.8,False,False,False,0,9,266,True,ALTO,synthetic
30.5,34,1029,1.3,160,9650,0.0,despejado,despejado,,270,1.2,-0.4,2.0,12389,leve,seca,500,2480.0,17.5,False,False,False,18,12,355,False,BAJO,synthetic
12.3,71,1008,14.6,136,5162,3.0,lluvia_ligera,cubierto,,0,10.1,-10.5,20.4,1589,moderada,humeda,500,296.0,10.0,False,False,False,16,1,17,False,MODERADO,synthetic
7.7,87,983,30.1,264,3940,12.6,lluvia_fuerte,cubierto,,180,29.9,3.1,33.1,808,moderada,contaminada,500,-256.0,4.6,False,False,False,4,8,230,True,ALTO,synthetic
12.3,86,1018,22.5,226,6803,5.1,lluvia_ligera,cubierto,,90,15.6,-16.2,31.5,1195,leve,humeda,2000,2156.0,8.0,False,False,False,3,7,196,True,MODERADO,synthetic
30.4,52,1015,4.0,187,9447,0.0,despejado,despejado,,225,2.5,3.2,4.8,8114,leve,seca,500,2468.0,22.9,False,False,False,0,12,365,True,BAJO,synthetic
31.1,27,1012,17.4,147,9508,0.0,despejado,despejado,,225,17.0,3.6,19.1,6921,ninguna,seca,500,2552.0,24.8,False,False,False,9,9,250,False,BAJO,synthetic
11.72,92,1017,2.3400000000000003,104,10000,0.0,clouds,cubierto,2026-02-06 09:00:00,130,1.0,2.1,3.0,1000,ninguna,seca,8361,9974.0,10.1,False,False,False,20,2,35,False,BAJO,real_forecast
21.3,84,1017,18.2,80,3800,3.8,lluvia_ligera,cubierto,,315,14.9,-10.4,21.8,849,moderada,mojada,2500,3856.0,18.5,False,False,False,17,2,31,False,MODERADO,synthetic
15.6,40,1015,19.9,308,8896,0.0,despejado,despejado,,225,19.8,2.4,27.9,12088,ninguna,seca,2000,2552.0,7.5,False,False,False,22,6,173,True,BAJO,synthetic
3.5,89,1004,14.5,42,3038,14.3,nieve,cubierto,,270,10.8,-9.7,16.0,1058,leve,nevada,500,-760.0,-0.1,False,False,False,7,11,311,False,MODERADO,synthetic
27.1,53,1011,18.5,49,8508,0.0,despejado,despejado,,315,18.5,-1.3,25.9,13439,ninguna,seca,500,2072.0,18.3,False,False,False,1,1,12,True,BAJO,synthetic
17.4,80,1013,28.9,301,3950,25.2,granizo,cubierto,,45,28.0,-7.0,31.8,981,severa,contaminada,2500,3388.0,13.2,False,True,True,6,9,268,False,ALTO,synthetic
6.1,92,1013,0.2,354,2317,0.6,niebla,cubierto,,270,0.2,0.0,0.3,218,ninguna,mojada,2000,1412.0,5.3,True,False,False,17,8,224,False,MODERADO,synthetic
16.2,56,1003,22.0,118,8939,0.0,nublado,dispersas,,0,19.4,-10.3,26.4,3040,leve,humeda,2500,3244.0,7.0,False,False,False,12,9,254,False,MODERADO,synthetic
22.4,56,1006,18.7,6,7534,0.1,nublado,dispersas,,225,11.8,-14.5,24.3,2658,leve,seca,2500,3988.0,17.2,False,False,False,19,9,251,False,BAJO,synthetic
12.2,69,1007,23.1,29,6415,1.5,nublado,nublado,,45,6.4,22.2,25.4,3773,leve,seca,1000,904.0,-1.6,False,False,False,20,3,68,False,BAJO,synthetic
14.2,92,1019,6.3,74,877,0.2,niebla,cubierto,,0,6.1,1.7,7.6,287,ninguna,humeda,1000,1144.0,13.9,False,False,False,22,4,101,True,MODERADO,synthetic
12.5,55,1000,10.9,199,6630,1.2,nublado,dispersas,,225,4.8,9.8,12.0,3537,leve,seca,500,320.0,6.2,False,False,False,2,8,237,True,BAJO,synthetic
10.2,96,1015,11.2,64,1790,0.0,niebla,cubierto,,225,3.6,-10.6,16.8,327,ninguna,humeda,2000,1904.0,9.5,False,False,False,6,9,253,False,MODERADO,synthetic
14.1,79,1003,21.6,323,5203,6.0,lluvia_ligera,cubierto,,45,21.4,3.0,23.8,2003,moderada,humeda,1000,1132.0,10.5,False,False,False,13,9,251,False,MODERADO,synthetic
8.9,74,1017,14.9,331,4287,7.9,lluvia_ligera,nublado,,90,13.0,-7.2,20.9,1617,leve,mojada,2000,1748.0,6.5,True,False,False,0,6,158,True,MODERADO,synthetic
23.6,60,1004,14.8,260,6927,0.4,nublado,dispersas,,0,14.6,-2.6,22.2,1975,leve,humeda,2500,4132.0,9.8,False,False,False,12,10,272,False,BAJO,synthetic
8.1,94,1012,3.6,341,2038,2.0,niebla,cubierto,,45,3.2,1.6,5.0,490,ninguna,mojada,1000,412.0,8.0,True,False,False,15,1,19,False,MODERADO,synthetic
15.2,73,1007,46.6,129,2300,20.4,granizo,cubierto,,225,46.3,-4.9,55.9,622,severa,mojada,0,24.0,11.8,False,True,True,16,3,76,False,ALTO,synthetic
31.3,44,1026,0.6,274,9659,0.0,despejado,despejado,,315,0.4,0.5,0.8,9650,ninguna,seca,0,1956.0,20.9,False,False,False,8,2,47,False,BAJO,synthetic
31.5,38,1017,15.9,328,8079,0.0,despejado,despejado,,270,13.5,8.4,20.7,10790,leve,seca,0,1980.0,19.0,False,False,False,7,1,23,False,BAJO,synthetic
16.3,90,1004,17.9,222,4856,3.5,lluvia_ligera,nublado,,0,12.0,-13.3,25.1,2477,moderada,humeda,500,776.0,11.5,False,False,False,7,6,153,False,MODERADO,synthetic
-2.3,92,1010,17.9,85,3466,13.9,nieve,cubierto,,0,17.8,1.6,25.1,1282,leve,contaminada,2500,1024.0,-2.4,False,False,False,12,8,229,False,ALTO,synthetic
14.8,96,994,47.7,239,2345,35.0,tormenta,cubierto,,90,24.6,-40.9,66.8,967,moderada,contaminada,1000,1216.0,14.3,False,True,False,0,2,31,True,ALTO,synthetic
18.1,45,1019,15.7,269,9676,0.0,despejado,despejado,,270,0.3,15.7,18.8,5490,ninguna,seca,2000,2852.0,5.0,False,False,False,15,9,242,False,BAJO,synthetic
6.4,90,1004,43.5,86,2984,12.3,lluvia_fuerte,cubierto,,135,32.8,28.5,60.9,1346,moderada,contaminada,500,-412.0,4.4,True,False,False,9,10,291,False,ALTO,synthetic
22.3,71,1001,14.1,114,6640,1.7,nublado,nublado,,135,5.1,13.2,18.3,1714,ninguna,seca,1000,2116.0,18.3,False,False,False,7,5,132,False,BAJO,synthetic
27.8,43,1023,18.1,181,9648,0.0,despejado,despejado,,225,12.6,13.0,23.5,13095,leve,seca,2500,4636.0,20.8,False,False,False,6,12,349,False,BAJO,synthetic
25.8,55,1015,23.7,224,7465,0.7,nublado,dispersas,,0,16.5,-17.0,33.2,2796,leve,seca,0,1296.0,17.5,False,False,False,20,5,128,False,MODERADO,synthetic
24.4,80,1009,25.2,168,3978,27.3,granizo,cubierto,,315,13.7,-21.1,30.2,938,severa,mojada,2000,3608.0,20.6,False,True,False,23,4,95,True,ALTO,synthetic
17.3,53,1023,17.9,125,9224,0.0,despejado,despejado,,90,10.3,14.7,25.1,10658,leve,seca,0,276.0,7.4,False,False,False,9,7,192,False,BAJO,synthetic
23.6,68,1000,14.1,188,6077,1.0,nublado,nublado,,315,11.3,-8.5,16.9,3416,ninguna,seca,0,1032.0,16.8,False,False,False,15,2,46,False,BAJO,synthetic
16.5,70,1002,45.8,223,1786,16.7,granizo,cubierto,,270,33.5,31.2,55.0,1570,severa,contaminada,2500,3280.0,6.2,False,True,False,6,9,258,False,ALTO,synthetic
23.7,51,1011,13.4,288,9878,0.0,despejado,despejado,,0,12.7,4.1,16.1,13151,leve,seca,2500,4144.0,17.8,False,False,False,23,2,50,True,BAJO,synthetic
12.5,57,1000,9.5,72,7915,1.6,nublado,nublado,,315,8.5,-4.3,14.2,2344,ninguna,seca,500,320.0,5.5,False,False,False,23,11,304,True,BAJO,synthetic
12.7,77,1013,27.4,172,3781,13.6,granizo,cubierto,,180,3.8,27.1,30.1,1223,severa,contaminada,2500,2824.0,9.4,False,True,False,9,4,92,False,ALTO,synthetic
11.9,100,1007,3.1,338,2492,0.7,niebla,cubierto,,180,1.2,-2.9,3.4,680,ninguna,mojada,2000,2108.0,11.0,False,False,False,10,3,81,False,MODERADO,synthetic
14.1,96,1001,1.5,341,2230,1.3,niebla,cubierto,,0,0.5,1.4,2.0,142,ninguna,mojada,2000,2372.0,13.9,False,False,False,5,12,344,True,MODERADO,synthetic
10.4,93,1018,11.6,173,1960,0.5,niebla,cubierto,,135,7.1,9.1,15.1,333,ninguna,mojada,2000,1928.0,9.9,False,False,False,17,4,108,False,MODERADO,synthetic
16.1,55,1016,9.6,149,9646,0.0,despejado,despejado,,315,2.3,-9.3,13.4,12869,leve,seca,2500,3232.0,4.2,False,False,False,12,6,179,False,BAJO,synthetic
20.0,25,1012,5.5,148,9538,0.0,despejado,despejado,,315,1.2,-5.4,6.6,14633,ninguna,seca,1000,1840.0,14.8,False,False,False,8,1,21,False,BAJO,synthetic
18.9,52,1006,15.7,291,7108,1.0,nublado,nublado,,180,14.7,-5.6,20.4,3615,leve,seca,0,468.0,6.8,False,False,False,16,12,341,False,BAJO,synthetic
24.2,55,1028,0.3,156,8594,0.0,despejado,despejado,,180,0.1,0.3,0.4,9445,ninguna,seca,1000,2344.0,16.4,False,False,False,15,12,331,False,BAJO,synthetic
24.6,50,1014,0.8,219,9157,0.0,despejado,despejado,,0,0.5,-0.6,1.1,12751,ninguna,seca,500,1772.0,18.0,False,False,False,13,8,225,False,BAJO,synthetic
20.9,68,1009,7.3,84,6337,1.2,nublado,dispersas,,180,7.3,-0.8,8.8,2154,leve,humeda,500,1328.0,6.4,False,False,False,15,4,91,False,BAJO,synthetic
34.1,45,1010,2.5,162,8753,0.0,despejado,despejado,,180,0.8,2.4,3.0,13029,ninguna,seca,2000,4772.0,26.5,False,False,False,18,9,257,False,BAJO,synthetic
24.3,63,1005,22.4,65,6139,0.9,nublado,dispersas,,270,9.5,-20.3,31.4,2768,ninguna,seca,0,1116.0,10.8,False,False,False,8,2,41,False,BAJO,synthetic
25.8,35,1020,7.2,240,9944,0.0,despejado,despejado,,180,6.2,3.6,9.4,8253,ninguna,seca,1000,2536.0,18.4,False,False,False,8,2,36,False,BAJO,synthetic
-6.2,88,1008,28.5,55,3757,15.4,nieve,cubierto,,270,16.3,-23.3,37.1,618,leve,nevada,1000,-1304.0,-9.2,False,False,False,11,8,224,False,ALTO,synthetic
25.6,59,1003,17.3,133,7555,1.8,nublado,dispersas,,135,0.6,17.3,19.0,1927,leve,humeda,500,1892.0,14.5,False,False,False,20,10,280,False,BAJO,synthetic
27.0,39,1019,2.2,355,8430,0.0,despejado,despejado,,180,0.2,-2.2,3.3,8482,ninguna,seca,500,2060.0,12.9,False,False,False,20,1,27,False,BAJO,synthetic
13.1,97,1006,3.2,334,2085,0.8,niebla,cubierto,,90,2.9,-1.4,3.8,506,ninguna,humeda,500,392.0,12.2,False,False,False,13,12,359,False,MODERADO,synthetic
22.0,63,1003,21.1,194,8261,1.5,nublado,nublado,,270,20.5,5.1,25.3,2493,leve,seca,2000,3320.0,10.5,False,False,False,20,11,302,False,MODERADO,synthetic
33.2,55,1027,9.4,225,9141,0.0,despejado,despejado,,0,6.6,-6.6,13.2,7713,ninguna,seca,0,2184.0,25.8,False,False,False,12,6,153,False,BAJO,synthetic
11.8,98,1014,8.8,42,1808,1.5,niebla,cubierto,,0,5.9,6.5,11.4,365,ninguna,mojada,2000,2096.0,10.2,False,False,False,22,10,281,True,MODERADO,synthetic
12.62,93,1017,2.052,69,10000,0.37000000000000005,rain,cubierto,2026-02-07 06:00:00,130,1.8,1.0,2.7,1000,ninguna,mojada,8361,10082.0,11.2,False,False,False,20,2,35,False,BAJO,real_forecast
15.1,77,1008,37.5,214,3583,29.8,granizo,cubierto,,45,7.2,-36.8,48.8,963,severa,mojada,500,632.0,10.5,False,True,True,15,7,204,False,ALTO,synthetic
11.0,98,1011,9.9,23,735,1.8,niebla,cubierto,,45,3.7,9.2,12.9,543,ninguna,mojada,2500,2620.0,11.0,False,False,False,14,1,13,False,ALTO,synthetic
24.5,87,1001,27.1,307,2037,26.0,granizo,cubierto,,180,21.6,-16.3,32.5,1110,severa,contaminada,2000,3620.0,21.4,False,True,False,5,11,315,True,ALTO,synthetic
6.0,100,1017,10.6,78,1492,1.0,niebla,cubierto,,135,8.9,5.8,12.7,751,ninguna,mojada,0,-1080.0,5.6,True,False,False,2,10,281,True,MODERADO,synthetic
18.7,86,1005,22.6,346,3598,5.3,lluvia_ligera,cubierto,,135,11.6,-19.4,27.1,2230,leve,humeda,2500,3544.0,16.4,False,False,False,11,3,79,False,MODERADO,synthetic
19.9,40,1019,16.2,98,8765,0.0,despejado,despejado,,270,2.3,-16.0,22.7,5409,ninguna,seca,2500,3688.0,9.3,False,False,False,8,9,240,False,BAJO,synthetic
15.8,54,1012,7.6,149,8928,0.0,despejado,despejado,,0,3.9,-6.5,9.1,10212,ninguna,seca,2000,2576.0,4.2,False,False,False,11,6,151,False,BAJO,synthetic
